county,state,brdr_tl,brdr_cb,mismatch
01001,01,FALSE,FALSE,FALSE
01003,01,TRUE,TRUE,FALSE
01005,01,TRUE,TRUE,FALSE
01007,01,FALSE,FALSE,FALSE
01009,01,FALSE,FALSE,FALSE
01011,01,FALSE,FALSE,FALSE
01013,01,FALSE,FALSE,FALSE
01015,01,FALSE,FALSE,FALSE
01017,01,TRUE,TRUE,FALSE
01019,01,TRUE,TRUE,FALSE
01021,01,FALSE,FALSE,FALSE
01023,01,TRUE,TRUE,FALSE
01025,01,FALSE,FALSE,FALSE
01027,01,FALSE,FALSE,FALSE
01029,01,TRUE,TRUE,FALSE
01031,01,FALSE,FALSE,FALSE
01033,01,TRUE,TRUE,FALSE
01035,01,FALSE,FALSE,FALSE
01037,01,FALSE,FALSE,FALSE
01039,01,TRUE,TRUE,FALSE
01041,01,FALSE,FALSE,FALSE
01043,01,FALSE,FALSE,FALSE
01045,01,FALSE,FALSE,FALSE
01047,01,FALSE,FALSE,FALSE
01049,01,TRUE,TRUE,FALSE
01051,01,FALSE,FALSE,FALSE
01053,01,TRUE,TRUE,FALSE
01055,01,FALSE,FALSE,FALSE
01057,01,FALSE,FALSE,FALSE
01059,01,TRUE,TRUE,FALSE
01061,01,TRUE,TRUE,FALSE
01063,01,FALSE,FALSE,FALSE
01065,01,FALSE,FALSE,FALSE
01067,01,TRUE,TRUE,FALSE
01069,01,TRUE,TRUE,FALSE
01071,01,TRUE,TRUE,FALSE
01073,01,FALSE,FALSE,FALSE
01075,01,TRUE,TRUE,FALSE
01077,01,TRUE,TRUE,FALSE
01079,01,FALSE,FALSE,FALSE
01081,01,TRUE,TRUE,FALSE
01083,01,TRUE,TRUE,FALSE
01085,01,FALSE,FALSE,FALSE
01087,01,FALSE,FALSE,FALSE
01089,01,TRUE,TRUE,FALSE
01091,01,FALSE,FALSE,FALSE
01093,01,TRUE,TRUE,FALSE
01095,01,FALSE,FALSE,FALSE
01097,01,TRUE,TRUE,FALSE
01099,01,FALSE,FALSE,FALSE
01101,01,FALSE,FALSE,FALSE
01103,01,FALSE,FALSE,FALSE
01105,01,FALSE,FALSE,FALSE
01107,01,TRUE,TRUE,FALSE
01109,01,FALSE,FALSE,FALSE
01111,01,TRUE,TRUE,FALSE
01113,01,TRUE,TRUE,FALSE
01115,01,FALSE,FALSE,FALSE
01117,01,FALSE,FALSE,FALSE
01119,01,TRUE,TRUE,FALSE
01121,01,FALSE,FALSE,FALSE
01123,01,FALSE,FALSE,FALSE
01125,01,FALSE,FALSE,FALSE
01127,01,FALSE,FALSE,FALSE
01129,01,TRUE,TRUE,FALSE
01131,01,FALSE,FALSE,FALSE
01133,01,FALSE,FALSE,FALSE
04001,04,TRUE,TRUE,FALSE
04003,04,TRUE,TRUE,FALSE
04005,04,TRUE,TRUE,FALSE
04007,04,FALSE,FALSE,FALSE
04009,04,FALSE,FALSE,FALSE
04011,04,TRUE,TRUE,FALSE
04012,04,TRUE,TRUE,FALSE
04013,04,FALSE,FALSE,FALSE
04015,04,TRUE,TRUE,FALSE
04017,04,TRUE,TRUE,FALSE
04019,04,TRUE,TRUE,FALSE
04021,04,FALSE,FALSE,FALSE
04023,04,TRUE,TRUE,FALSE
04025,04,FALSE,FALSE,FALSE
04027,04,TRUE,TRUE,FALSE
05001,05,FALSE,FALSE,FALSE
05003,05,TRUE,TRUE,FALSE
05005,05,TRUE,TRUE,FALSE
05007,05,TRUE,TRUE,FALSE
05009,05,TRUE,TRUE,FALSE
05011,05,FALSE,FALSE,FALSE
05013,05,FALSE,FALSE,FALSE
05015,05,TRUE,TRUE,FALSE
05017,05,TRUE,TRUE,FALSE
05019,05,FALSE,FALSE,FALSE
05021,05,TRUE,TRUE,FALSE
05023,05,FALSE,FALSE,FALSE
05025,05,FALSE,FALSE,FALSE
05027,05,TRUE,TRUE,FALSE
05029,05,FALSE,FALSE,FALSE
05031,05,TRUE,TRUE,FALSE
05033,05,TRUE,TRUE,FALSE
05035,05,TRUE,TRUE,FALSE
05037,05,FALSE,FALSE,FALSE
05039,05,FALSE,FALSE,FALSE
05041,05,TRUE,TRUE,FALSE
05043,05,FALSE,FALSE,FALSE
05045,05,FALSE,FALSE,FALSE
05047,05,FALSE,FALSE,FALSE
05049,05,TRUE,TRUE,FALSE
05051,05,FALSE,FALSE,FALSE
05053,05,FALSE,FALSE,FALSE
05055,05,TRUE,TRUE,FALSE
05057,05,FALSE,FALSE,FALSE
05059,05,FALSE,FALSE,FALSE
05061,05,FALSE,FALSE,FALSE
05063,05,FALSE,FALSE,FALSE
05065,05,FALSE,FALSE,FALSE
05067,05,FALSE,FALSE,FALSE
05069,05,FALSE,FALSE,FALSE
05071,05,FALSE,FALSE,FALSE
05073,05,TRUE,TRUE,FALSE
05075,05,FALSE,FALSE,FALSE
05077,05,TRUE,TRUE,FALSE
05079,05,FALSE,FALSE,FALSE
05081,05,TRUE,TRUE,FALSE
05083,05,FALSE,FALSE,FALSE
05085,05,FALSE,FALSE,FALSE
05087,05,FALSE,FALSE,FALSE
05089,05,TRUE,TRUE,FALSE
05091,05,TRUE,TRUE,FALSE
05093,05,TRUE,TRUE,FALSE
05095,05,FALSE,FALSE,FALSE
05097,05,FALSE,FALSE,FALSE
05099,05,FALSE,FALSE,FALSE
05101,05,FALSE,FALSE,FALSE
05103,05,FALSE,FALSE,FALSE
05105,05,FALSE,FALSE,FALSE
05107,05,TRUE,TRUE,FALSE
05109,05,FALSE,FALSE,FALSE
05111,05,FALSE,FALSE,FALSE
05113,05,TRUE,TRUE,FALSE
05115,05,FALSE,FALSE,FALSE
05117,05,FALSE,FALSE,FALSE
05119,05,FALSE,FALSE,FALSE
05121,05,TRUE,TRUE,FALSE
05123,05,FALSE,FALSE,FALSE
05125,05,FALSE,FALSE,FALSE
05127,05,TRUE,TRUE,FALSE
05129,05,FALSE,FALSE,FALSE
05131,05,TRUE,TRUE,FALSE
05133,05,TRUE,TRUE,FALSE
05135,05,TRUE,TRUE,FALSE
05137,05,FALSE,FALSE,FALSE
05139,05,TRUE,TRUE,FALSE
05141,05,FALSE,FALSE,FALSE
05143,05,TRUE,TRUE,FALSE
05145,05,FALSE,FALSE,FALSE
05147,05,FALSE,FALSE,FALSE
05149,05,FALSE,FALSE,FALSE
06001,06,FALSE,TRUE,TRUE
06003,06,TRUE,TRUE,FALSE
06005,06,FALSE,FALSE,FALSE
06007,06,FALSE,FALSE,FALSE
06009,06,FALSE,FALSE,FALSE
06011,06,FALSE,FALSE,FALSE
06013,06,FALSE,TRUE,TRUE
06015,06,TRUE,TRUE,FALSE
06017,06,TRUE,TRUE,FALSE
06019,06,FALSE,FALSE,FALSE
06021,06,FALSE,FALSE,FALSE
06023,06,TRUE,TRUE,FALSE
06025,06,TRUE,TRUE,FALSE
06027,06,TRUE,TRUE,FALSE
06029,06,FALSE,FALSE,FALSE
06031,06,FALSE,FALSE,FALSE
06033,06,FALSE,FALSE,FALSE
06035,06,TRUE,TRUE,FALSE
06037,06,TRUE,TRUE,FALSE
06039,06,FALSE,FALSE,FALSE
06041,06,TRUE,TRUE,FALSE
06043,06,FALSE,FALSE,FALSE
06045,06,TRUE,TRUE,FALSE
06047,06,FALSE,FALSE,FALSE
06049,06,TRUE,TRUE,FALSE
06051,06,TRUE,TRUE,FALSE
06053,06,TRUE,TRUE,FALSE
06055,06,FALSE,FALSE,FALSE
06057,06,TRUE,TRUE,FALSE
06059,06,TRUE,TRUE,FALSE
06061,06,TRUE,TRUE,FALSE
06063,06,FALSE,FALSE,FALSE
06065,06,TRUE,TRUE,FALSE
06067,06,FALSE,FALSE,FALSE
06069,06,FALSE,FALSE,FALSE
06071,06,TRUE,TRUE,FALSE
06073,06,TRUE,TRUE,FALSE
06075,06,TRUE,TRUE,FALSE
06077,06,FALSE,FALSE,FALSE
06079,06,TRUE,TRUE,FALSE
06081,06,TRUE,TRUE,FALSE
06083,06,TRUE,TRUE,FALSE
06085,06,FALSE,TRUE,TRUE
06087,06,TRUE,TRUE,FALSE
06089,06,FALSE,FALSE,FALSE
06091,06,TRUE,TRUE,FALSE
06093,06,TRUE,TRUE,FALSE
06095,06,FALSE,TRUE,TRUE
06097,06,TRUE,TRUE,FALSE
06099,06,FALSE,FALSE,FALSE
06101,06,FALSE,FALSE,FALSE
06103,06,FALSE,FALSE,FALSE
06105,06,FALSE,FALSE,FALSE
06107,06,FALSE,FALSE,FALSE
06109,06,FALSE,FALSE,FALSE
06111,06,TRUE,TRUE,FALSE
06113,06,FALSE,FALSE,FALSE
06115,06,FALSE,FALSE,FALSE
08001,08,FALSE,FALSE,FALSE
08003,08,FALSE,FALSE,FALSE
08005,08,FALSE,FALSE,FALSE
08007,08,TRUE,TRUE,FALSE
08009,08,TRUE,TRUE,FALSE
08011,08,FALSE,FALSE,FALSE
08013,08,FALSE,FALSE,FALSE
08014,08,FALSE,FALSE,FALSE
08015,08,FALSE,FALSE,FALSE
08017,08,TRUE,TRUE,FALSE
08019,08,FALSE,FALSE,FALSE
08021,08,TRUE,TRUE,FALSE
08023,08,TRUE,TRUE,FALSE
08025,08,FALSE,FALSE,FALSE
08027,08,FALSE,FALSE,FALSE
08029,08,FALSE,FALSE,FALSE
08031,08,FALSE,FALSE,FALSE
08033,08,TRUE,TRUE,FALSE
08035,08,FALSE,FALSE,FALSE
08037,08,FALSE,FALSE,FALSE
08039,08,FALSE,FALSE,FALSE
08041,08,FALSE,FALSE,FALSE
08043,08,FALSE,FALSE,FALSE
08045,08,TRUE,TRUE,FALSE
08047,08,FALSE,FALSE,FALSE
08049,08,FALSE,FALSE,FALSE
08051,08,FALSE,FALSE,FALSE
08053,08,FALSE,FALSE,FALSE
08055,08,FALSE,FALSE,FALSE
08057,08,TRUE,TRUE,FALSE
08059,08,FALSE,FALSE,FALSE
08061,08,TRUE,TRUE,FALSE
08063,08,TRUE,TRUE,FALSE
08065,08,FALSE,FALSE,FALSE
08067,08,TRUE,TRUE,FALSE
08069,08,TRUE,TRUE,FALSE
08071,08,TRUE,TRUE,FALSE
08073,08,FALSE,FALSE,FALSE
08075,08,TRUE,TRUE,FALSE
08077,08,TRUE,TRUE,FALSE
08079,08,FALSE,FALSE,FALSE
08081,08,TRUE,TRUE,FALSE
08083,08,TRUE,TRUE,FALSE
08085,08,TRUE,TRUE,FALSE
08087,08,FALSE,FALSE,FALSE
08089,08,FALSE,FALSE,FALSE
08091,08,FALSE,FALSE,FALSE
08093,08,FALSE,FALSE,FALSE
08095,08,TRUE,TRUE,FALSE
08097,08,FALSE,FALSE,FALSE
08099,08,TRUE,TRUE,FALSE
08101,08,FALSE,FALSE,FALSE
08103,08,TRUE,TRUE,FALSE
08105,08,FALSE,FALSE,FALSE
08107,08,TRUE,TRUE,FALSE
08109,08,FALSE,FALSE,FALSE
08111,08,FALSE,FALSE,FALSE
08113,08,TRUE,TRUE,FALSE
08115,08,TRUE,TRUE,FALSE
08117,08,FALSE,FALSE,FALSE
08119,08,FALSE,FALSE,FALSE
08121,08,FALSE,FALSE,FALSE
08123,08,TRUE,TRUE,FALSE
08125,08,TRUE,TRUE,FALSE
09001,09,TRUE,TRUE,FALSE
09003,09,TRUE,TRUE,FALSE
09005,09,TRUE,TRUE,FALSE
09007,09,TRUE,TRUE,FALSE
09009,09,TRUE,TRUE,FALSE
09011,09,TRUE,TRUE,FALSE
09013,09,TRUE,TRUE,FALSE
09015,09,TRUE,TRUE,FALSE
10001,10,TRUE,TRUE,FALSE
10003,10,TRUE,TRUE,FALSE
10005,10,TRUE,TRUE,FALSE
11001,11,TRUE,TRUE,FALSE
12001,12,FALSE,FALSE,FALSE
12003,12,TRUE,TRUE,FALSE
12005,12,TRUE,TRUE,FALSE
12007,12,FALSE,FALSE,FALSE
12009,12,TRUE,TRUE,FALSE
12011,12,TRUE,TRUE,FALSE
12013,12,FALSE,FALSE,FALSE
12015,12,TRUE,TRUE,FALSE
12017,12,TRUE,TRUE,FALSE
12019,12,FALSE,FALSE,FALSE
12021,12,TRUE,TRUE,FALSE
12023,12,TRUE,TRUE,FALSE
12027,12,FALSE,FALSE,FALSE
12029,12,TRUE,TRUE,FALSE
12031,12,TRUE,TRUE,FALSE
12033,12,TRUE,TRUE,FALSE
12035,12,TRUE,TRUE,FALSE
12037,12,TRUE,TRUE,FALSE
12039,12,TRUE,TRUE,FALSE
12041,12,FALSE,FALSE,FALSE
12043,12,FALSE,FALSE,FALSE
12045,12,TRUE,TRUE,FALSE
12047,12,TRUE,TRUE,FALSE
12049,12,FALSE,FALSE,FALSE
12051,12,FALSE,FALSE,FALSE
12053,12,TRUE,TRUE,FALSE
12055,12,FALSE,FALSE,FALSE
12057,12,TRUE,TRUE,FALSE
12059,12,TRUE,TRUE,FALSE
12061,12,TRUE,TRUE,FALSE
12063,12,TRUE,TRUE,FALSE
12065,12,TRUE,TRUE,FALSE
12067,12,FALSE,FALSE,FALSE
12069,12,FALSE,FALSE,FALSE
12071,12,TRUE,TRUE,FALSE
12073,12,TRUE,TRUE,FALSE
12075,12,TRUE,TRUE,FALSE
12077,12,FALSE,FALSE,FALSE
12079,12,TRUE,TRUE,FALSE
12081,12,TRUE,TRUE,FALSE
12083,12,FALSE,FALSE,FALSE
12085,12,TRUE,TRUE,FALSE
12086,12,TRUE,TRUE,FALSE
12087,12,TRUE,TRUE,FALSE
12089,12,TRUE,TRUE,FALSE
12091,12,TRUE,TRUE,FALSE
12093,12,FALSE,FALSE,FALSE
12095,12,FALSE,FALSE,FALSE
12097,12,FALSE,FALSE,FALSE
12099,12,TRUE,TRUE,FALSE
12101,12,TRUE,TRUE,FALSE
12103,12,TRUE,TRUE,FALSE
12105,12,FALSE,FALSE,FALSE
12107,12,FALSE,FALSE,FALSE
12109,12,TRUE,TRUE,FALSE
12111,12,TRUE,TRUE,FALSE
12113,12,TRUE,TRUE,FALSE
12115,12,TRUE,TRUE,FALSE
12117,12,FALSE,FALSE,FALSE
12119,12,FALSE,FALSE,FALSE
12121,12,FALSE,FALSE,FALSE
12123,12,TRUE,TRUE,FALSE
12125,12,FALSE,FALSE,FALSE
12127,12,TRUE,TRUE,FALSE
12129,12,TRUE,TRUE,FALSE
12131,12,TRUE,TRUE,FALSE
12133,12,FALSE,FALSE,FALSE
13001,13,FALSE,FALSE,FALSE
13003,13,FALSE,FALSE,FALSE
13005,13,FALSE,FALSE,FALSE
13007,13,FALSE,FALSE,FALSE
13009,13,FALSE,FALSE,FALSE
13011,13,FALSE,FALSE,FALSE
13013,13,FALSE,FALSE,FALSE
13015,13,FALSE,FALSE,FALSE
13017,13,FALSE,FALSE,FALSE
13019,13,FALSE,FALSE,FALSE
13021,13,FALSE,FALSE,FALSE
13023,13,FALSE,FALSE,FALSE
13025,13,FALSE,FALSE,FALSE
13027,13,TRUE,TRUE,FALSE
13029,13,FALSE,TRUE,TRUE
13031,13,FALSE,FALSE,FALSE
13033,13,TRUE,TRUE,FALSE
13035,13,FALSE,FALSE,FALSE
13037,13,FALSE,FALSE,FALSE
13039,13,TRUE,TRUE,FALSE
13043,13,FALSE,FALSE,FALSE
13045,13,TRUE,TRUE,FALSE
13047,13,TRUE,TRUE,FALSE
13049,13,TRUE,TRUE,FALSE
13051,13,TRUE,TRUE,FALSE
13053,13,TRUE,TRUE,FALSE
13055,13,TRUE,TRUE,FALSE
13057,13,FALSE,FALSE,FALSE
13059,13,FALSE,FALSE,FALSE
13061,13,TRUE,TRUE,FALSE
13063,13,FALSE,FALSE,FALSE
13065,13,TRUE,TRUE,FALSE
13067,13,FALSE,FALSE,FALSE
13069,13,FALSE,FALSE,FALSE
13071,13,FALSE,FALSE,FALSE
13073,13,TRUE,TRUE,FALSE
13075,13,FALSE,FALSE,FALSE
13077,13,FALSE,FALSE,FALSE
13079,13,FALSE,FALSE,FALSE
13081,13,FALSE,FALSE,FALSE
13083,13,TRUE,TRUE,FALSE
13085,13,FALSE,FALSE,FALSE
13087,13,TRUE,TRUE,FALSE
13089,13,FALSE,FALSE,FALSE
13091,13,FALSE,FALSE,FALSE
13093,13,FALSE,FALSE,FALSE
13095,13,FALSE,FALSE,FALSE
13097,13,FALSE,FALSE,FALSE
13099,13,TRUE,TRUE,FALSE
13101,13,TRUE,TRUE,FALSE
13103,13,TRUE,TRUE,FALSE
13105,13,TRUE,TRUE,FALSE
13107,13,FALSE,FALSE,FALSE
13109,13,FALSE,FALSE,FALSE
13111,13,TRUE,TRUE,FALSE
13113,13,FALSE,FALSE,FALSE
13115,13,TRUE,TRUE,FALSE
13117,13,FALSE,FALSE,FALSE
13119,13,TRUE,TRUE,FALSE
13121,13,FALSE,FALSE,FALSE
13123,13,FALSE,FALSE,FALSE
13125,13,FALSE,FALSE,FALSE
13127,13,TRUE,TRUE,FALSE
13129,13,FALSE,FALSE,FALSE
13131,13,TRUE,TRUE,FALSE
13133,13,FALSE,FALSE,FALSE
13135,13,FALSE,FALSE,FALSE
13137,13,TRUE,TRUE,FALSE
13139,13,FALSE,FALSE,FALSE
13141,13,FALSE,FALSE,FALSE
13143,13,TRUE,TRUE,FALSE
13145,13,TRUE,TRUE,FALSE
13147,13,TRUE,TRUE,FALSE
13149,13,TRUE,TRUE,FALSE
13151,13,FALSE,FALSE,FALSE
13153,13,FALSE,FALSE,FALSE
13155,13,FALSE,FALSE,FALSE
13157,13,FALSE,FALSE,FALSE
13159,13,FALSE,FALSE,FALSE
13161,13,FALSE,FALSE,FALSE
13163,13,FALSE,FALSE,FALSE
13165,13,FALSE,FALSE,FALSE
13167,13,FALSE,FALSE,FALSE
13169,13,FALSE,FALSE,FALSE
13171,13,FALSE,FALSE,FALSE
13173,13,FALSE,FALSE,FALSE
13175,13,FALSE,FALSE,FALSE
13177,13,FALSE,FALSE,FALSE
13179,13,TRUE,TRUE,FALSE
13181,13,TRUE,TRUE,FALSE
13183,13,FALSE,FALSE,FALSE
13185,13,TRUE,TRUE,FALSE
13187,13,FALSE,FALSE,FALSE
13189,13,FALSE,FALSE,FALSE
13191,13,TRUE,TRUE,FALSE
13193,13,FALSE,FALSE,FALSE
13195,13,FALSE,FALSE,FALSE
13197,13,FALSE,FALSE,FALSE
13199,13,FALSE,FALSE,FALSE
13201,13,FALSE,FALSE,FALSE
13205,13,FALSE,FALSE,FALSE
13207,13,FALSE,FALSE,FALSE
13209,13,FALSE,FALSE,FALSE
13211,13,FALSE,FALSE,FALSE
13213,13,TRUE,TRUE,FALSE
13215,13,TRUE,TRUE,FALSE
13217,13,FALSE,FALSE,FALSE
13219,13,FALSE,FALSE,FALSE
13221,13,FALSE,FALSE,FALSE
13223,13,FALSE,FALSE,FALSE
13225,13,FALSE,FALSE,FALSE
13227,13,FALSE,FALSE,FALSE
13229,13,FALSE,FALSE,FALSE
13231,13,FALSE,FALSE,FALSE
13233,13,TRUE,TRUE,FALSE
13235,13,FALSE,FALSE,FALSE
13237,13,FALSE,FALSE,FALSE
13239,13,TRUE,TRUE,FALSE
13241,13,TRUE,TRUE,FALSE
13243,13,FALSE,FALSE,FALSE
13245,13,TRUE,TRUE,FALSE
13247,13,FALSE,FALSE,FALSE
13249,13,FALSE,FALSE,FALSE
13251,13,TRUE,TRUE,FALSE
13253,13,TRUE,TRUE,FALSE
13255,13,FALSE,FALSE,FALSE
13257,13,TRUE,TRUE,FALSE
13259,13,TRUE,TRUE,FALSE
13261,13,FALSE,FALSE,FALSE
13263,13,FALSE,FALSE,FALSE
13265,13,FALSE,FALSE,FALSE
13267,13,FALSE,FALSE,FALSE
13269,13,FALSE,FALSE,FALSE
13271,13,FALSE,FALSE,FALSE
13273,13,FALSE,FALSE,FALSE
13275,13,TRUE,TRUE,FALSE
13277,13,FALSE,FALSE,FALSE
13279,13,FALSE,FALSE,FALSE
13281,13,TRUE,TRUE,FALSE
13283,13,FALSE,FALSE,FALSE
13285,13,TRUE,TRUE,FALSE
13287,13,FALSE,FALSE,FALSE
13289,13,FALSE,FALSE,FALSE
13291,13,TRUE,TRUE,FALSE
13293,13,FALSE,FALSE,FALSE
13295,13,TRUE,TRUE,FALSE
13297,13,FALSE,FALSE,FALSE
13299,13,TRUE,TRUE,FALSE
13301,13,FALSE,FALSE,FALSE
13303,13,FALSE,FALSE,FALSE
13305,13,FALSE,FALSE,FALSE
13307,13,FALSE,FALSE,FALSE
13309,13,FALSE,FALSE,FALSE
13311,13,FALSE,FALSE,FALSE
13313,13,TRUE,TRUE,FALSE
13315,13,FALSE,FALSE,FALSE
13317,13,FALSE,FALSE,FALSE
13319,13,FALSE,FALSE,FALSE
13321,13,FALSE,FALSE,FALSE
16001,16,FALSE,FALSE,FALSE
16003,16,TRUE,TRUE,FALSE
16005,16,FALSE,FALSE,FALSE
16007,16,TRUE,TRUE,FALSE
16009,16,TRUE,TRUE,FALSE
16011,16,FALSE,FALSE,FALSE
16013,16,FALSE,FALSE,FALSE
16015,16,FALSE,FALSE,FALSE
16017,16,TRUE,TRUE,FALSE
16019,16,TRUE,TRUE,FALSE
16021,16,TRUE,TRUE,FALSE
16023,16,FALSE,FALSE,FALSE
16025,16,FALSE,FALSE,FALSE
16027,16,TRUE,TRUE,FALSE
16029,16,TRUE,TRUE,FALSE
16031,16,TRUE,TRUE,FALSE
16033,16,TRUE,TRUE,FALSE
16035,16,TRUE,TRUE,FALSE
16037,16,FALSE,FALSE,FALSE
16039,16,FALSE,FALSE,FALSE
16041,16,TRUE,TRUE,FALSE
16043,16,TRUE,TRUE,FALSE
16045,16,FALSE,FALSE,FALSE
16047,16,FALSE,FALSE,FALSE
16049,16,TRUE,TRUE,FALSE
16051,16,FALSE,FALSE,FALSE
16053,16,FALSE,FALSE,FALSE
16055,16,TRUE,TRUE,FALSE
16057,16,TRUE,TRUE,FALSE
16059,16,TRUE,TRUE,FALSE
16061,16,FALSE,FALSE,FALSE
16063,16,FALSE,FALSE,FALSE
16065,16,FALSE,FALSE,FALSE
16067,16,FALSE,FALSE,FALSE
16069,16,TRUE,TRUE,FALSE
16071,16,TRUE,TRUE,FALSE
16073,16,TRUE,TRUE,FALSE
16075,16,TRUE,TRUE,FALSE
16077,16,FALSE,FALSE,FALSE
16079,16,TRUE,TRUE,FALSE
16081,16,TRUE,TRUE,FALSE
16083,16,TRUE,TRUE,FALSE
16085,16,FALSE,FALSE,FALSE
16087,16,TRUE,TRUE,FALSE
17001,17,TRUE,TRUE,FALSE
17003,17,TRUE,TRUE,FALSE
17005,17,FALSE,FALSE,FALSE
17007,17,TRUE,TRUE,FALSE
17009,17,FALSE,FALSE,FALSE
17011,17,FALSE,FALSE,FALSE
17013,17,TRUE,TRUE,FALSE
17015,17,TRUE,TRUE,FALSE
17017,17,FALSE,FALSE,FALSE
17019,17,FALSE,FALSE,FALSE
17021,17,FALSE,FALSE,FALSE
17023,17,TRUE,TRUE,FALSE
17025,17,FALSE,FALSE,FALSE
17027,17,FALSE,FALSE,FALSE
17029,17,FALSE,FALSE,FALSE
17031,17,TRUE,TRUE,FALSE
17033,17,TRUE,TRUE,FALSE
17035,17,FALSE,FALSE,FALSE
17037,17,FALSE,FALSE,FALSE
17039,17,FALSE,FALSE,FALSE
17041,17,FALSE,FALSE,FALSE
17043,17,FALSE,FALSE,FALSE
17045,17,TRUE,TRUE,FALSE
17047,17,FALSE,FALSE,FALSE
17049,17,FALSE,FALSE,FALSE
17051,17,FALSE,FALSE,FALSE
17053,17,FALSE,FALSE,FALSE
17055,17,FALSE,FALSE,FALSE
17057,17,FALSE,FALSE,FALSE
17059,17,TRUE,TRUE,FALSE
17061,17,FALSE,FALSE,FALSE
17063,17,FALSE,FALSE,FALSE
17065,17,FALSE,FALSE,FALSE
17067,17,TRUE,TRUE,FALSE
17069,17,TRUE,TRUE,FALSE
17071,17,TRUE,TRUE,FALSE
17073,17,FALSE,FALSE,FALSE
17075,17,TRUE,TRUE,FALSE
17077,17,TRUE,TRUE,FALSE
17079,17,FALSE,FALSE,FALSE
17081,17,FALSE,FALSE,FALSE
17083,17,TRUE,TRUE,FALSE
17085,17,TRUE,TRUE,FALSE
17087,17,FALSE,FALSE,FALSE
17089,17,FALSE,FALSE,FALSE
17091,17,TRUE,TRUE,FALSE
17093,17,FALSE,FALSE,FALSE
17095,17,FALSE,FALSE,FALSE
17097,17,TRUE,TRUE,FALSE
17099,17,FALSE,FALSE,FALSE
17101,17,TRUE,TRUE,FALSE
17103,17,FALSE,FALSE,FALSE
17105,17,FALSE,FALSE,FALSE
17107,17,FALSE,FALSE,FALSE
17109,17,FALSE,FALSE,FALSE
17111,17,TRUE,TRUE,FALSE
17113,17,FALSE,FALSE,FALSE
17115,17,FALSE,FALSE,FALSE
17117,17,FALSE,FALSE,FALSE
17119,17,TRUE,TRUE,FALSE
17121,17,FALSE,FALSE,FALSE
17123,17,FALSE,FALSE,FALSE
17125,17,FALSE,FALSE,FALSE
17127,17,TRUE,TRUE,FALSE
17129,17,FALSE,FALSE,FALSE
17131,17,TRUE,TRUE,FALSE
17133,17,TRUE,TRUE,FALSE
17135,17,FALSE,FALSE,FALSE
17137,17,FALSE,FALSE,FALSE
17139,17,FALSE,FALSE,FALSE
17141,17,FALSE,FALSE,FALSE
17143,17,FALSE,FALSE,FALSE
17145,17,FALSE,FALSE,FALSE
17147,17,FALSE,FALSE,FALSE
17149,17,TRUE,TRUE,FALSE
17151,17,TRUE,TRUE,FALSE
17153,17,TRUE,TRUE,FALSE
17155,17,FALSE,FALSE,FALSE
17157,17,TRUE,TRUE,FALSE
17159,17,FALSE,FALSE,FALSE
17161,17,TRUE,TRUE,FALSE
17163,17,TRUE,TRUE,FALSE
17165,17,FALSE,FALSE,FALSE
17167,17,FALSE,FALSE,FALSE
17169,17,FALSE,FALSE,FALSE
17171,17,FALSE,FALSE,FALSE
17173,17,FALSE,FALSE,FALSE
17175,17,FALSE,FALSE,FALSE
17177,17,TRUE,TRUE,FALSE
17179,17,FALSE,FALSE,FALSE
17181,17,TRUE,TRUE,FALSE
17183,17,TRUE,TRUE,FALSE
17185,17,TRUE,TRUE,FALSE
17187,17,FALSE,FALSE,FALSE
17189,17,FALSE,FALSE,FALSE
17191,17,FALSE,FALSE,FALSE
17193,17,TRUE,TRUE,FALSE
17195,17,TRUE,TRUE,FALSE
17197,17,TRUE,TRUE,FALSE
17199,17,FALSE,FALSE,FALSE
17201,17,TRUE,TRUE,FALSE
17203,17,FALSE,FALSE,FALSE
18001,18,TRUE,TRUE,FALSE
18003,18,TRUE,TRUE,FALSE
18005,18,FALSE,FALSE,FALSE
18007,18,TRUE,TRUE,FALSE
18009,18,FALSE,FALSE,FALSE
18011,18,FALSE,FALSE,FALSE
18013,18,FALSE,FALSE,FALSE
18015,18,FALSE,FALSE,FALSE
18017,18,FALSE,FALSE,FALSE
18019,18,TRUE,TRUE,FALSE
18021,18,FALSE,FALSE,FALSE
18023,18,FALSE,FALSE,FALSE
18025,18,TRUE,TRUE,FALSE
18027,18,FALSE,FALSE,FALSE
18029,18,TRUE,TRUE,FALSE
18031,18,FALSE,FALSE,FALSE
18033,18,TRUE,TRUE,FALSE
18035,18,FALSE,FALSE,FALSE
18037,18,FALSE,FALSE,FALSE
18039,18,TRUE,TRUE,FALSE
18041,18,FALSE,FALSE,FALSE
18043,18,TRUE,TRUE,FALSE
18045,18,FALSE,FALSE,FALSE
18047,18,TRUE,TRUE,FALSE
18049,18,FALSE,FALSE,FALSE
18051,18,TRUE,TRUE,FALSE
18053,18,FALSE,FALSE,FALSE
18055,18,FALSE,FALSE,FALSE
18057,18,FALSE,FALSE,FALSE
18059,18,FALSE,FALSE,FALSE
18061,18,TRUE,TRUE,FALSE
18063,18,FALSE,FALSE,FALSE
18065,18,FALSE,FALSE,FALSE
18067,18,FALSE,FALSE,FALSE
18069,18,FALSE,FALSE,FALSE
18071,18,FALSE,FALSE,FALSE
18073,18,FALSE,FALSE,FALSE
18075,18,TRUE,TRUE,FALSE
18077,18,TRUE,TRUE,FALSE
18079,18,FALSE,FALSE,FALSE
18081,18,FALSE,FALSE,FALSE
18083,18,TRUE,TRUE,FALSE
18085,18,FALSE,FALSE,FALSE
18087,18,TRUE,TRUE,FALSE
18089,18,TRUE,TRUE,FALSE
18091,18,TRUE,TRUE,FALSE
18093,18,FALSE,FALSE,FALSE
18095,18,FALSE,FALSE,FALSE
18097,18,FALSE,FALSE,FALSE
18099,18,FALSE,FALSE,FALSE
18101,18,FALSE,FALSE,FALSE
18103,18,FALSE,FALSE,FALSE
18105,18,FALSE,FALSE,FALSE
18107,18,FALSE,FALSE,FALSE
18109,18,FALSE,FALSE,FALSE
18111,18,TRUE,TRUE,FALSE
18113,18,FALSE,FALSE,FALSE
18115,18,TRUE,TRUE,FALSE
18117,18,FALSE,FALSE,FALSE
18119,18,FALSE,FALSE,FALSE
18121,18,FALSE,FALSE,FALSE
18123,18,TRUE,TRUE,FALSE
18125,18,FALSE,FALSE,FALSE
18127,18,TRUE,TRUE,FALSE
18129,18,TRUE,TRUE,FALSE
18131,18,FALSE,FALSE,FALSE
18133,18,FALSE,FALSE,FALSE
18135,18,TRUE,TRUE,FALSE
18137,18,FALSE,FALSE,FALSE
18139,18,FALSE,FALSE,FALSE
18141,18,TRUE,TRUE,FALSE
18143,18,FALSE,FALSE,FALSE
18145,18,FALSE,FALSE,FALSE
18147,18,TRUE,TRUE,FALSE
18149,18,FALSE,FALSE,FALSE
18151,18,TRUE,TRUE,FALSE
18153,18,TRUE,TRUE,FALSE
18155,18,TRUE,TRUE,FALSE
18157,18,FALSE,FALSE,FALSE
18159,18,FALSE,FALSE,FALSE
18161,18,TRUE,TRUE,FALSE
18163,18,TRUE,TRUE,FALSE
18165,18,TRUE,TRUE,FALSE
18167,18,TRUE,TRUE,FALSE
18169,18,FALSE,FALSE,FALSE
18171,18,TRUE,TRUE,FALSE
18173,18,TRUE,TRUE,FALSE
18175,18,FALSE,FALSE,FALSE
18177,18,TRUE,TRUE,FALSE
18179,18,FALSE,FALSE,FALSE
18181,18,FALSE,FALSE,FALSE
18183,18,FALSE,FALSE,FALSE
19001,19,FALSE,FALSE,FALSE
19003,19,FALSE,FALSE,FALSE
19005,19,TRUE,TRUE,FALSE
19007,19,TRUE,TRUE,FALSE
19009,19,FALSE,FALSE,FALSE
19011,19,FALSE,FALSE,FALSE
19013,19,FALSE,FALSE,FALSE
19015,19,FALSE,FALSE,FALSE
19017,19,FALSE,FALSE,FALSE
19019,19,FALSE,FALSE,FALSE
19021,19,FALSE,FALSE,FALSE
19023,19,FALSE,FALSE,FALSE
19025,19,FALSE,FALSE,FALSE
19027,19,FALSE,FALSE,FALSE
19029,19,FALSE,FALSE,FALSE
19031,19,FALSE,FALSE,FALSE
19033,19,FALSE,FALSE,FALSE
19035,19,FALSE,FALSE,FALSE
19037,19,FALSE,FALSE,FALSE
19039,19,FALSE,FALSE,FALSE
19041,19,FALSE,FALSE,FALSE
19043,19,TRUE,TRUE,FALSE
19045,19,TRUE,TRUE,FALSE
19047,19,FALSE,FALSE,FALSE
19049,19,FALSE,FALSE,FALSE
19051,19,TRUE,TRUE,FALSE
19053,19,TRUE,TRUE,FALSE
19055,19,FALSE,FALSE,FALSE
19057,19,TRUE,TRUE,FALSE
19059,19,TRUE,TRUE,FALSE
19061,19,TRUE,TRUE,FALSE
19063,19,TRUE,TRUE,FALSE
19065,19,FALSE,FALSE,FALSE
19067,19,FALSE,FALSE,FALSE
19069,19,FALSE,FALSE,FALSE
19071,19,TRUE,TRUE,FALSE
19073,19,FALSE,FALSE,FALSE
19075,19,FALSE,FALSE,FALSE
19077,19,FALSE,FALSE,FALSE
19079,19,FALSE,FALSE,FALSE
19081,19,FALSE,FALSE,FALSE
19083,19,FALSE,FALSE,FALSE
19085,19,TRUE,TRUE,FALSE
19087,19,FALSE,FALSE,FALSE
19089,19,TRUE,TRUE,FALSE
19091,19,FALSE,FALSE,FALSE
19093,19,FALSE,FALSE,FALSE
19095,19,FALSE,FALSE,FALSE
19097,19,TRUE,TRUE,FALSE
19099,19,FALSE,FALSE,FALSE
19101,19,FALSE,FALSE,FALSE
19103,19,FALSE,FALSE,FALSE
19105,19,FALSE,FALSE,FALSE
19107,19,FALSE,FALSE,FALSE
19109,19,TRUE,TRUE,FALSE
19111,19,TRUE,TRUE,FALSE
19113,19,FALSE,FALSE,FALSE
19115,19,TRUE,TRUE,FALSE
19117,19,FALSE,FALSE,FALSE
19119,19,TRUE,TRUE,FALSE
19121,19,FALSE,FALSE,FALSE
19123,19,FALSE,FALSE,FALSE
19125,19,FALSE,FALSE,FALSE
19127,19,FALSE,FALSE,FALSE
19129,19,TRUE,TRUE,FALSE
19131,19,TRUE,TRUE,FALSE
19133,19,TRUE,TRUE,FALSE
19135,19,FALSE,FALSE,FALSE
19137,19,FALSE,FALSE,FALSE
19139,19,TRUE,TRUE,FALSE
19141,19,FALSE,FALSE,FALSE
19143,19,TRUE,TRUE,FALSE
19145,19,TRUE,TRUE,FALSE
19147,19,FALSE,FALSE,FALSE
19149,19,TRUE,TRUE,FALSE
19151,19,FALSE,FALSE,FALSE
19153,19,FALSE,FALSE,FALSE
19155,19,TRUE,TRUE,FALSE
19157,19,FALSE,FALSE,FALSE
19159,19,TRUE,TRUE,FALSE
19161,19,FALSE,FALSE,FALSE
19163,19,TRUE,TRUE,FALSE
19165,19,FALSE,FALSE,FALSE
19167,19,TRUE,TRUE,FALSE
19169,19,FALSE,FALSE,FALSE
19171,19,FALSE,FALSE,FALSE
19173,19,TRUE,TRUE,FALSE
19175,19,FALSE,FALSE,FALSE
19177,19,TRUE,TRUE,FALSE
19179,19,FALSE,FALSE,FALSE
19181,19,FALSE,FALSE,FALSE
19183,19,FALSE,FALSE,FALSE
19185,19,TRUE,TRUE,FALSE
19187,19,FALSE,FALSE,FALSE
19189,19,TRUE,TRUE,FALSE
19191,19,TRUE,TRUE,FALSE
19193,19,TRUE,TRUE,FALSE
19195,19,TRUE,TRUE,FALSE
19197,19,FALSE,FALSE,FALSE
20001,20,FALSE,FALSE,FALSE
20003,20,FALSE,FALSE,FALSE
20005,20,TRUE,TRUE,FALSE
20007,20,TRUE,TRUE,FALSE
20009,20,FALSE,FALSE,FALSE
20011,20,TRUE,TRUE,FALSE
20013,20,TRUE,TRUE,FALSE
20015,20,FALSE,FALSE,FALSE
20017,20,FALSE,FALSE,FALSE
20019,20,TRUE,TRUE,FALSE
20021,20,TRUE,TRUE,FALSE
20023,20,TRUE,TRUE,FALSE
20025,20,TRUE,TRUE,FALSE
20027,20,FALSE,FALSE,FALSE
20029,20,FALSE,FALSE,FALSE
20031,20,FALSE,FALSE,FALSE
20033,20,TRUE,TRUE,FALSE
20035,20,TRUE,TRUE,FALSE
20037,20,TRUE,TRUE,FALSE
20039,20,TRUE,TRUE,FALSE
20041,20,FALSE,FALSE,FALSE
20043,20,TRUE,TRUE,FALSE
20045,20,FALSE,FALSE,FALSE
20047,20,FALSE,FALSE,FALSE
20049,20,FALSE,FALSE,FALSE
20051,20,FALSE,FALSE,FALSE
20053,20,FALSE,FALSE,FALSE
20055,20,FALSE,FALSE,FALSE
20057,20,FALSE,FALSE,FALSE
20059,20,FALSE,FALSE,FALSE
20061,20,FALSE,FALSE,FALSE
20063,20,FALSE,FALSE,FALSE
20065,20,FALSE,FALSE,FALSE
20067,20,FALSE,FALSE,FALSE
20069,20,FALSE,FALSE,FALSE
20071,20,TRUE,TRUE,FALSE
20073,20,FALSE,FALSE,FALSE
20075,20,TRUE,TRUE,FALSE
20077,20,TRUE,TRUE,FALSE
20079,20,FALSE,FALSE,FALSE
20081,20,FALSE,FALSE,FALSE
20083,20,FALSE,FALSE,FALSE
20085,20,FALSE,FALSE,FALSE
20087,20,FALSE,FALSE,FALSE
20089,20,TRUE,TRUE,FALSE
20091,20,TRUE,TRUE,FALSE
20093,20,FALSE,FALSE,FALSE
20095,20,FALSE,FALSE,FALSE
20097,20,FALSE,FALSE,FALSE
20099,20,TRUE,TRUE,FALSE
20101,20,FALSE,FALSE,FALSE
20103,20,TRUE,TRUE,FALSE
20105,20,FALSE,FALSE,FALSE
20107,20,TRUE,TRUE,FALSE
20109,20,FALSE,FALSE,FALSE
20111,20,FALSE,FALSE,FALSE
20113,20,FALSE,FALSE,FALSE
20115,20,FALSE,FALSE,FALSE
20117,20,TRUE,TRUE,FALSE
20119,20,TRUE,TRUE,FALSE
20121,20,TRUE,TRUE,FALSE
20123,20,FALSE,FALSE,FALSE
20125,20,TRUE,TRUE,FALSE
20127,20,FALSE,FALSE,FALSE
20129,20,TRUE,TRUE,FALSE
20131,20,TRUE,TRUE,FALSE
20133,20,FALSE,FALSE,FALSE
20135,20,FALSE,FALSE,FALSE
20137,20,TRUE,TRUE,FALSE
20139,20,FALSE,FALSE,FALSE
20141,20,FALSE,FALSE,FALSE
20143,20,FALSE,FALSE,FALSE
20145,20,FALSE,FALSE,FALSE
20147,20,TRUE,TRUE,FALSE
20149,20,FALSE,FALSE,FALSE
20151,20,FALSE,FALSE,FALSE
20153,20,TRUE,TRUE,FALSE
20155,20,FALSE,FALSE,FALSE
20157,20,TRUE,TRUE,FALSE
20159,20,FALSE,FALSE,FALSE
20161,20,FALSE,FALSE,FALSE
20163,20,FALSE,FALSE,FALSE
20165,20,FALSE,FALSE,FALSE
20167,20,FALSE,FALSE,FALSE
20169,20,FALSE,FALSE,FALSE
20171,20,FALSE,FALSE,FALSE
20173,20,FALSE,FALSE,FALSE
20175,20,TRUE,TRUE,FALSE
20177,20,FALSE,FALSE,FALSE
20179,20,FALSE,FALSE,FALSE
20181,20,TRUE,TRUE,FALSE
20183,20,TRUE,TRUE,FALSE
20185,20,FALSE,FALSE,FALSE
20187,20,TRUE,TRUE,FALSE
20189,20,TRUE,TRUE,FALSE
20191,20,TRUE,TRUE,FALSE
20193,20,FALSE,FALSE,FALSE
20195,20,FALSE,FALSE,FALSE
20197,20,FALSE,FALSE,FALSE
20199,20,TRUE,TRUE,FALSE
20201,20,TRUE,TRUE,FALSE
20203,20,FALSE,FALSE,FALSE
20205,20,FALSE,FALSE,FALSE
20207,20,FALSE,FALSE,FALSE
20209,20,TRUE,TRUE,FALSE
21001,21,FALSE,FALSE,FALSE
21003,21,TRUE,TRUE,FALSE
21005,21,FALSE,FALSE,FALSE
21007,21,TRUE,TRUE,FALSE
21009,21,FALSE,FALSE,FALSE
21011,21,FALSE,FALSE,FALSE
21013,21,TRUE,TRUE,FALSE
21015,21,TRUE,TRUE,FALSE
21017,21,FALSE,FALSE,FALSE
21019,21,TRUE,TRUE,FALSE
21021,21,FALSE,FALSE,FALSE
21023,21,TRUE,TRUE,FALSE
21025,21,FALSE,FALSE,FALSE
21027,21,TRUE,TRUE,FALSE
21029,21,FALSE,FALSE,FALSE
21031,21,FALSE,FALSE,FALSE
21033,21,FALSE,FALSE,FALSE
21035,21,TRUE,TRUE,FALSE
21037,21,TRUE,TRUE,FALSE
21039,21,TRUE,TRUE,FALSE
21041,21,TRUE,TRUE,FALSE
21043,21,FALSE,FALSE,FALSE
21045,21,FALSE,FALSE,FALSE
21047,21,TRUE,TRUE,FALSE
21049,21,FALSE,FALSE,FALSE
21051,21,FALSE,FALSE,FALSE
21053,21,TRUE,TRUE,FALSE
21055,21,TRUE,TRUE,FALSE
21057,21,TRUE,TRUE,FALSE
21059,21,TRUE,TRUE,FALSE
21061,21,FALSE,FALSE,FALSE
21063,21,FALSE,FALSE,FALSE
21065,21,FALSE,FALSE,FALSE
21067,21,FALSE,FALSE,FALSE
21069,21,FALSE,FALSE,FALSE
21071,21,FALSE,FALSE,FALSE
21073,21,FALSE,FALSE,FALSE
21075,21,TRUE,TRUE,FALSE
21077,21,TRUE,TRUE,FALSE
21079,21,FALSE,FALSE,FALSE
21081,21,FALSE,FALSE,FALSE
21083,21,TRUE,TRUE,FALSE
21085,21,FALSE,FALSE,FALSE
21087,21,FALSE,FALSE,FALSE
21089,21,TRUE,TRUE,FALSE
21091,21,TRUE,TRUE,FALSE
21093,21,TRUE,TRUE,FALSE
21095,21,TRUE,TRUE,FALSE
21097,21,FALSE,FALSE,FALSE
21099,21,FALSE,FALSE,FALSE
21101,21,TRUE,TRUE,FALSE
21103,21,FALSE,FALSE,FALSE
21105,21,TRUE,TRUE,FALSE
21107,21,FALSE,FALSE,FALSE
21109,21,FALSE,FALSE,FALSE
21111,21,TRUE,TRUE,FALSE
21113,21,FALSE,FALSE,FALSE
21115,21,FALSE,FALSE,FALSE
21117,21,TRUE,TRUE,FALSE
21119,21,FALSE,FALSE,FALSE
21121,21,FALSE,FALSE,FALSE
21123,21,FALSE,FALSE,FALSE
21125,21,FALSE,FALSE,FALSE
21127,21,TRUE,TRUE,FALSE
21129,21,FALSE,FALSE,FALSE
21131,21,FALSE,FALSE,FALSE
21133,21,TRUE,TRUE,FALSE
21135,21,TRUE,TRUE,FALSE
21137,21,FALSE,FALSE,FALSE
21139,21,TRUE,TRUE,FALSE
21141,21,TRUE,TRUE,FALSE
21143,21,FALSE,FALSE,FALSE
21145,21,TRUE,TRUE,FALSE
21147,21,TRUE,TRUE,FALSE
21149,21,FALSE,FALSE,FALSE
21151,21,FALSE,FALSE,FALSE
21153,21,FALSE,FALSE,FALSE
21155,21,FALSE,FALSE,FALSE
21157,21,FALSE,FALSE,FALSE
21159,21,TRUE,TRUE,FALSE
21161,21,TRUE,TRUE,FALSE
21163,21,TRUE,TRUE,FALSE
21165,21,FALSE,FALSE,FALSE
21167,21,FALSE,FALSE,FALSE
21169,21,FALSE,FALSE,FALSE
21171,21,TRUE,TRUE,FALSE
21173,21,FALSE,FALSE,FALSE
21175,21,FALSE,FALSE,FALSE
21177,21,FALSE,FALSE,FALSE
21179,21,FALSE,FALSE,FALSE
21181,21,FALSE,FALSE,FALSE
21183,21,FALSE,FALSE,FALSE
21185,21,TRUE,TRUE,FALSE
21187,21,FALSE,FALSE,FALSE
21189,21,FALSE,FALSE,FALSE
21191,21,TRUE,TRUE,FALSE
21193,21,FALSE,FALSE,FALSE
21195,21,TRUE,TRUE,FALSE
21197,21,FALSE,FALSE,FALSE
21199,21,FALSE,FALSE,FALSE
21201,21,FALSE,FALSE,FALSE
21203,21,FALSE,FALSE,FALSE
21205,21,FALSE,FALSE,FALSE
21207,21,FALSE,FALSE,FALSE
21209,21,FALSE,FALSE,FALSE
21211,21,FALSE,FALSE,FALSE
21213,21,TRUE,TRUE,FALSE
21215,21,FALSE,FALSE,FALSE
21217,21,FALSE,FALSE,FALSE
21219,21,TRUE,TRUE,FALSE
21221,21,TRUE,TRUE,FALSE
21223,21,TRUE,TRUE,FALSE
21225,21,TRUE,TRUE,FALSE
21227,21,FALSE,FALSE,FALSE
21229,21,FALSE,FALSE,FALSE
21231,21,TRUE,TRUE,FALSE
21233,21,FALSE,FALSE,FALSE
21235,21,TRUE,TRUE,FALSE
21237,21,FALSE,FALSE,FALSE
21239,21,FALSE,FALSE,FALSE
22001,22,FALSE,FALSE,FALSE
22003,22,FALSE,FALSE,FALSE
22005,22,FALSE,FALSE,FALSE
22007,22,FALSE,FALSE,FALSE
22009,22,FALSE,FALSE,FALSE
22011,22,TRUE,TRUE,FALSE
22013,22,FALSE,FALSE,FALSE
22015,22,TRUE,TRUE,FALSE
22017,22,TRUE,TRUE,FALSE
22019,22,TRUE,TRUE,FALSE
22021,22,FALSE,FALSE,FALSE
22023,22,TRUE,TRUE,FALSE
22025,22,FALSE,FALSE,FALSE
22027,22,TRUE,TRUE,FALSE
22029,22,TRUE,TRUE,FALSE
22031,22,TRUE,TRUE,FALSE
22033,22,FALSE,FALSE,FALSE
22035,22,TRUE,TRUE,FALSE
22037,22,TRUE,TRUE,FALSE
22039,22,FALSE,FALSE,FALSE
22041,22,FALSE,FALSE,FALSE
22043,22,FALSE,FALSE,FALSE
22045,22,TRUE,TRUE,FALSE
22047,22,FALSE,FALSE,FALSE
22049,22,FALSE,FALSE,FALSE
22051,22,TRUE,TRUE,FALSE
22053,22,FALSE,FALSE,FALSE
22055,22,FALSE,FALSE,FALSE
22057,22,TRUE,TRUE,FALSE
22059,22,FALSE,FALSE,FALSE
22061,22,FALSE,FALSE,FALSE
22063,22,FALSE,FALSE,FALSE
22065,22,TRUE,TRUE,FALSE
22067,22,TRUE,TRUE,FALSE
22069,22,FALSE,FALSE,FALSE
22071,22,FALSE,TRUE,TRUE
22073,22,FALSE,FALSE,FALSE
22075,22,TRUE,TRUE,FALSE
22077,22,FALSE,FALSE,FALSE
22079,22,FALSE,FALSE,FALSE
22081,22,FALSE,FALSE,FALSE
22083,22,FALSE,FALSE,FALSE
22085,22,TRUE,TRUE,FALSE
22087,22,TRUE,TRUE,FALSE
22089,22,FALSE,FALSE,FALSE
22091,22,TRUE,TRUE,FALSE
22093,22,FALSE,FALSE,FALSE
22095,22,FALSE,FALSE,FALSE
22097,22,FALSE,FALSE,FALSE
22099,22,FALSE,FALSE,FALSE
22101,22,TRUE,TRUE,FALSE
22103,22,TRUE,TRUE,FALSE
22105,22,TRUE,TRUE,FALSE
22107,22,TRUE,TRUE,FALSE
22109,22,TRUE,TRUE,FALSE
22111,22,TRUE,TRUE,FALSE
22113,22,TRUE,TRUE,FALSE
22115,22,TRUE,TRUE,FALSE
22117,22,TRUE,TRUE,FALSE
22119,22,TRUE,TRUE,FALSE
22121,22,FALSE,FALSE,FALSE
22123,22,TRUE,TRUE,FALSE
22125,22,TRUE,TRUE,FALSE
22127,22,FALSE,FALSE,FALSE
23001,23,FALSE,FALSE,FALSE
23003,23,TRUE,TRUE,FALSE
23005,23,TRUE,TRUE,FALSE
23007,23,TRUE,TRUE,FALSE
23009,23,TRUE,TRUE,FALSE
23011,23,FALSE,FALSE,FALSE
23013,23,TRUE,TRUE,FALSE
23015,23,TRUE,TRUE,FALSE
23017,23,TRUE,TRUE,FALSE
23019,23,FALSE,FALSE,FALSE
23021,23,FALSE,FALSE,FALSE
23023,23,TRUE,TRUE,FALSE
23025,23,TRUE,TRUE,FALSE
23027,23,FALSE,TRUE,TRUE
23029,23,TRUE,TRUE,FALSE
23031,23,TRUE,TRUE,FALSE
24001,24,TRUE,TRUE,FALSE
24003,24,FALSE,TRUE,TRUE
24005,24,TRUE,TRUE,FALSE
24009,24,FALSE,TRUE,TRUE
24011,24,TRUE,TRUE,FALSE
24013,24,TRUE,TRUE,FALSE
24015,24,TRUE,TRUE,FALSE
24017,24,TRUE,TRUE,FALSE
24019,24,TRUE,TRUE,FALSE
24021,24,TRUE,TRUE,FALSE
24023,24,TRUE,TRUE,FALSE
24025,24,TRUE,TRUE,FALSE
24027,24,FALSE,FALSE,FALSE
24029,24,TRUE,TRUE,FALSE
24031,24,TRUE,TRUE,FALSE
24033,24,TRUE,TRUE,FALSE
24035,24,TRUE,TRUE,FALSE
24037,24,TRUE,TRUE,FALSE
24039,24,TRUE,TRUE,FALSE
24041,24,FALSE,TRUE,TRUE
24043,24,TRUE,TRUE,FALSE
24045,24,TRUE,TRUE,FALSE
24047,24,TRUE,TRUE,FALSE
24510,24,FALSE,TRUE,TRUE
25001,25,TRUE,TRUE,FALSE
25003,25,TRUE,TRUE,FALSE
25005,25,TRUE,TRUE,FALSE
25007,25,TRUE,TRUE,FALSE
25009,25,TRUE,TRUE,FALSE
25011,25,TRUE,TRUE,FALSE
25013,25,TRUE,TRUE,FALSE
25015,25,FALSE,FALSE,FALSE
25017,25,TRUE,TRUE,FALSE
25019,25,TRUE,TRUE,FALSE
25021,25,TRUE,TRUE,FALSE
25023,25,TRUE,TRUE,FALSE
25025,25,TRUE,TRUE,FALSE
25027,25,TRUE,TRUE,FALSE
26001,26,TRUE,TRUE,FALSE
26003,26,TRUE,TRUE,FALSE
26005,26,TRUE,TRUE,FALSE
26007,26,TRUE,TRUE,FALSE
26009,26,FALSE,TRUE,TRUE
26011,26,FALSE,TRUE,TRUE
26013,26,FALSE,TRUE,TRUE
26015,26,FALSE,FALSE,FALSE
26017,26,FALSE,TRUE,TRUE
26019,26,TRUE,TRUE,FALSE
26021,26,TRUE,TRUE,FALSE
26023,26,TRUE,TRUE,FALSE
26025,26,FALSE,FALSE,FALSE
26027,26,TRUE,TRUE,FALSE
26029,26,FALSE,TRUE,TRUE
26031,26,FALSE,TRUE,TRUE
26033,26,TRUE,TRUE,FALSE
26035,26,FALSE,FALSE,FALSE
26037,26,FALSE,FALSE,FALSE
26039,26,FALSE,FALSE,FALSE
26041,26,TRUE,TRUE,FALSE
26043,26,TRUE,TRUE,FALSE
26045,26,FALSE,FALSE,FALSE
26047,26,FALSE,TRUE,TRUE
26049,26,FALSE,FALSE,FALSE
26051,26,FALSE,FALSE,FALSE
26053,26,TRUE,TRUE,FALSE
26055,26,FALSE,TRUE,TRUE
26057,26,FALSE,FALSE,FALSE
26059,26,TRUE,TRUE,FALSE
26061,26,FALSE,TRUE,TRUE
26063,26,TRUE,TRUE,FALSE
26065,26,FALSE,FALSE,FALSE
26067,26,FALSE,FALSE,FALSE
26069,26,TRUE,TRUE,FALSE
26071,26,TRUE,TRUE,FALSE
26073,26,FALSE,FALSE,FALSE
26075,26,FALSE,FALSE,FALSE
26077,26,FALSE,FALSE,FALSE
26079,26,FALSE,FALSE,FALSE
26081,26,FALSE,FALSE,FALSE
26083,26,TRUE,TRUE,FALSE
26085,26,FALSE,FALSE,FALSE
26087,26,FALSE,FALSE,FALSE
26089,26,TRUE,TRUE,FALSE
26091,26,TRUE,TRUE,FALSE
26093,26,FALSE,FALSE,FALSE
26095,26,TRUE,TRUE,FALSE
26097,26,FALSE,TRUE,TRUE
26099,26,TRUE,TRUE,FALSE
26101,26,TRUE,TRUE,FALSE
26103,26,FALSE,TRUE,TRUE
26105,26,TRUE,TRUE,FALSE
26107,26,FALSE,FALSE,FALSE
26109,26,TRUE,TRUE,FALSE
26111,26,FALSE,FALSE,FALSE
26113,26,FALSE,FALSE,FALSE
26115,26,TRUE,TRUE,FALSE
26117,26,FALSE,FALSE,FALSE
26119,26,FALSE,FALSE,FALSE
26121,26,TRUE,TRUE,FALSE
26123,26,FALSE,FALSE,FALSE
26125,26,FALSE,FALSE,FALSE
26127,26,TRUE,TRUE,FALSE
26129,26,FALSE,FALSE,FALSE
26131,26,TRUE,TRUE,FALSE
26133,26,FALSE,FALSE,FALSE
26135,26,FALSE,FALSE,FALSE
26137,26,FALSE,FALSE,FALSE
26139,26,TRUE,TRUE,FALSE
26141,26,TRUE,TRUE,FALSE
26143,26,FALSE,FALSE,FALSE
26145,26,FALSE,FALSE,FALSE
26147,26,TRUE,TRUE,FALSE
26149,26,TRUE,TRUE,FALSE
26151,26,TRUE,TRUE,FALSE
26153,26,FALSE,TRUE,TRUE
26155,26,FALSE,FALSE,FALSE
26157,26,FALSE,TRUE,TRUE
26159,26,TRUE,TRUE,FALSE
26161,26,FALSE,FALSE,FALSE
26163,26,TRUE,TRUE,FALSE
26165,26,FALSE,FALSE,FALSE
27001,27,FALSE,FALSE,FALSE
27003,27,FALSE,FALSE,FALSE
27005,27,FALSE,FALSE,FALSE
27007,27,FALSE,FALSE,FALSE
27009,27,FALSE,FALSE,FALSE
27011,27,TRUE,TRUE,FALSE
27013,27,FALSE,FALSE,FALSE
27015,27,FALSE,FALSE,FALSE
27017,27,TRUE,TRUE,FALSE
27019,27,FALSE,FALSE,FALSE
27021,27,FALSE,FALSE,FALSE
27023,27,FALSE,FALSE,FALSE
27025,27,TRUE,TRUE,FALSE
27027,27,TRUE,TRUE,FALSE
27029,27,FALSE,FALSE,FALSE
27031,27,TRUE,TRUE,FALSE
27033,27,FALSE,FALSE,FALSE
27035,27,FALSE,FALSE,FALSE
27037,27,TRUE,TRUE,FALSE
27039,27,FALSE,FALSE,FALSE
27041,27,FALSE,FALSE,FALSE
27043,27,TRUE,TRUE,FALSE
27045,27,TRUE,TRUE,FALSE
27047,27,TRUE,TRUE,FALSE
27049,27,TRUE,TRUE,FALSE
27051,27,FALSE,FALSE,FALSE
27053,27,FALSE,FALSE,FALSE
27055,27,TRUE,TRUE,FALSE
27057,27,FALSE,FALSE,FALSE
27059,27,FALSE,FALSE,FALSE
27061,27,FALSE,FALSE,FALSE
27063,27,TRUE,TRUE,FALSE
27065,27,FALSE,FALSE,FALSE
27067,27,FALSE,FALSE,FALSE
27069,27,TRUE,TRUE,FALSE
27071,27,TRUE,TRUE,FALSE
27073,27,TRUE,TRUE,FALSE
27075,27,TRUE,TRUE,FALSE
27077,27,TRUE,TRUE,FALSE
27079,27,FALSE,FALSE,FALSE
27081,27,TRUE,TRUE,FALSE
27083,27,FALSE,FALSE,FALSE
27085,27,FALSE,FALSE,FALSE
27087,27,FALSE,FALSE,FALSE
27089,27,TRUE,TRUE,FALSE
27091,27,TRUE,TRUE,FALSE
27093,27,FALSE,FALSE,FALSE
27095,27,FALSE,FALSE,FALSE
27097,27,FALSE,FALSE,FALSE
27099,27,TRUE,TRUE,FALSE
27101,27,FALSE,FALSE,FALSE
27103,27,FALSE,FALSE,FALSE
27105,27,TRUE,TRUE,FALSE
27107,27,TRUE,TRUE,FALSE
27109,27,FALSE,FALSE,FALSE
27111,27,FALSE,FALSE,FALSE
27113,27,FALSE,FALSE,FALSE
27115,27,TRUE,TRUE,FALSE
27117,27,TRUE,TRUE,FALSE
27119,27,TRUE,TRUE,FALSE
27121,27,FALSE,FALSE,FALSE
27123,27,FALSE,FALSE,FALSE
27125,27,FALSE,FALSE,FALSE
27127,27,FALSE,FALSE,FALSE
27129,27,FALSE,FALSE,FALSE
27131,27,FALSE,FALSE,FALSE
27133,27,TRUE,TRUE,FALSE
27135,27,TRUE,TRUE,FALSE
27137,27,TRUE,TRUE,FALSE
27139,27,FALSE,FALSE,FALSE
27141,27,FALSE,FALSE,FALSE
27143,27,FALSE,FALSE,FALSE
27145,27,FALSE,FALSE,FALSE
27147,27,FALSE,FALSE,FALSE
27149,27,FALSE,FALSE,FALSE
27151,27,FALSE,FALSE,FALSE
27153,27,FALSE,FALSE,FALSE
27155,27,TRUE,TRUE,FALSE
27157,27,TRUE,TRUE,FALSE
27159,27,FALSE,FALSE,FALSE
27161,27,FALSE,FALSE,FALSE
27163,27,TRUE,TRUE,FALSE
27165,27,FALSE,FALSE,FALSE
27167,27,TRUE,TRUE,FALSE
27169,27,TRUE,TRUE,FALSE
27171,27,FALSE,FALSE,FALSE
27173,27,TRUE,TRUE,FALSE
28001,28,TRUE,TRUE,FALSE
28003,28,TRUE,TRUE,FALSE
28005,28,TRUE,TRUE,FALSE
28007,28,FALSE,FALSE,FALSE
28009,28,TRUE,TRUE,FALSE
28011,28,TRUE,TRUE,FALSE
28013,28,FALSE,FALSE,FALSE
28015,28,FALSE,FALSE,FALSE
28017,28,FALSE,FALSE,FALSE
28019,28,FALSE,FALSE,FALSE
28021,28,TRUE,TRUE,FALSE
28023,28,TRUE,TRUE,FALSE
28025,28,FALSE,FALSE,FALSE
28027,28,TRUE,TRUE,FALSE
28029,28,FALSE,FALSE,FALSE
28031,28,FALSE,FALSE,FALSE
28033,28,TRUE,TRUE,FALSE
28035,28,FALSE,FALSE,FALSE
28037,28,FALSE,FALSE,FALSE
28039,28,TRUE,TRUE,FALSE
28041,28,TRUE,TRUE,FALSE
28043,28,FALSE,FALSE,FALSE
28045,28,TRUE,TRUE,FALSE
28047,28,TRUE,TRUE,FALSE
28049,28,FALSE,FALSE,FALSE
28051,28,FALSE,FALSE,FALSE
28053,28,FALSE,FALSE,FALSE
28055,28,TRUE,TRUE,FALSE
28057,28,TRUE,TRUE,FALSE
28059,28,TRUE,TRUE,FALSE
28061,28,FALSE,FALSE,FALSE
28063,28,TRUE,TRUE,FALSE
28065,28,FALSE,FALSE,FALSE
28067,28,FALSE,FALSE,FALSE
28069,28,TRUE,TRUE,FALSE
28071,28,FALSE,FALSE,FALSE
28073,28,FALSE,FALSE,FALSE
28075,28,TRUE,TRUE,FALSE
28077,28,FALSE,FALSE,FALSE
28079,28,FALSE,FALSE,FALSE
28081,28,FALSE,FALSE,FALSE
28083,28,FALSE,FALSE,FALSE
28085,28,FALSE,FALSE,FALSE
28087,28,TRUE,TRUE,FALSE
28089,28,FALSE,FALSE,FALSE
28091,28,TRUE,TRUE,FALSE
28093,28,TRUE,TRUE,FALSE
28095,28,TRUE,TRUE,FALSE
28097,28,FALSE,FALSE,FALSE
28099,28,FALSE,FALSE,FALSE
28101,28,FALSE,FALSE,FALSE
28103,28,TRUE,TRUE,FALSE
28105,28,FALSE,FALSE,FALSE
28107,28,FALSE,FALSE,FALSE
28109,28,TRUE,TRUE,FALSE
28111,28,FALSE,FALSE,FALSE
28113,28,TRUE,TRUE,FALSE
28115,28,FALSE,FALSE,FALSE
28117,28,FALSE,FALSE,FALSE
28119,28,FALSE,FALSE,FALSE
28121,28,FALSE,FALSE,FALSE
28123,28,FALSE,FALSE,FALSE
28125,28,FALSE,FALSE,FALSE
28127,28,FALSE,FALSE,FALSE
28129,28,FALSE,FALSE,FALSE
28131,28,FALSE,FALSE,FALSE
28133,28,FALSE,FALSE,FALSE
28135,28,FALSE,FALSE,FALSE
28137,28,FALSE,FALSE,FALSE
28139,28,TRUE,TRUE,FALSE
28141,28,TRUE,TRUE,FALSE
28143,28,TRUE,TRUE,FALSE
28145,28,FALSE,FALSE,FALSE
28147,28,TRUE,TRUE,FALSE
28149,28,TRUE,TRUE,FALSE
28151,28,TRUE,TRUE,FALSE
28153,28,TRUE,TRUE,FALSE
28155,28,FALSE,FALSE,FALSE
28157,28,TRUE,TRUE,FALSE
28159,28,FALSE,FALSE,FALSE
28161,28,FALSE,FALSE,FALSE
28163,28,FALSE,FALSE,FALSE
29001,29,FALSE,FALSE,FALSE
29003,29,TRUE,TRUE,FALSE
29005,29,TRUE,TRUE,FALSE
29007,29,FALSE,FALSE,FALSE
29009,29,TRUE,TRUE,FALSE
29011,29,TRUE,TRUE,FALSE
29013,29,TRUE,TRUE,FALSE
29015,29,FALSE,FALSE,FALSE
29017,29,FALSE,FALSE,FALSE
29019,29,FALSE,FALSE,FALSE
29021,29,TRUE,TRUE,FALSE
29023,29,TRUE,TRUE,FALSE
29025,29,FALSE,FALSE,FALSE
29027,29,FALSE,FALSE,FALSE
29029,29,FALSE,FALSE,FALSE
29031,29,TRUE,TRUE,FALSE
29033,29,FALSE,FALSE,FALSE
29035,29,FALSE,FALSE,FALSE
29037,29,TRUE,TRUE,FALSE
29039,29,FALSE,FALSE,FALSE
29041,29,FALSE,FALSE,FALSE
29043,29,FALSE,FALSE,FALSE
29045,29,TRUE,TRUE,FALSE
29047,29,TRUE,TRUE,FALSE
29049,29,FALSE,FALSE,FALSE
29051,29,FALSE,FALSE,FALSE
29053,29,FALSE,FALSE,FALSE
29055,29,FALSE,FALSE,FALSE
29057,29,FALSE,FALSE,FALSE
29059,29,FALSE,FALSE,FALSE
29061,29,FALSE,FALSE,FALSE
29063,29,FALSE,FALSE,FALSE
29065,29,FALSE,FALSE,FALSE
29067,29,FALSE,FALSE,FALSE
29069,29,TRUE,TRUE,FALSE
29071,29,FALSE,FALSE,FALSE
29073,29,FALSE,FALSE,FALSE
29075,29,FALSE,FALSE,FALSE
29077,29,FALSE,FALSE,FALSE
29079,29,FALSE,FALSE,FALSE
29081,29,TRUE,TRUE,FALSE
29083,29,FALSE,FALSE,FALSE
29085,29,FALSE,FALSE,FALSE
29087,29,TRUE,TRUE,FALSE
29089,29,FALSE,FALSE,FALSE
29091,29,TRUE,TRUE,FALSE
29093,29,FALSE,FALSE,FALSE
29095,29,TRUE,TRUE,FALSE
29097,29,TRUE,TRUE,FALSE
29099,29,TRUE,TRUE,FALSE
29101,29,FALSE,FALSE,FALSE
29103,29,FALSE,FALSE,FALSE
29105,29,FALSE,FALSE,FALSE
29107,29,FALSE,FALSE,FALSE
29109,29,FALSE,FALSE,FALSE
29111,29,TRUE,TRUE,FALSE
29113,29,TRUE,TRUE,FALSE
29115,29,FALSE,FALSE,FALSE
29117,29,FALSE,FALSE,FALSE
29119,29,TRUE,TRUE,FALSE
29121,29,FALSE,FALSE,FALSE
29123,29,FALSE,FALSE,FALSE
29125,29,FALSE,FALSE,FALSE
29127,29,TRUE,TRUE,FALSE
29129,29,TRUE,TRUE,FALSE
29131,29,FALSE,FALSE,FALSE
29133,29,TRUE,TRUE,FALSE
29135,29,FALSE,FALSE,FALSE
29137,29,FALSE,FALSE,FALSE
29139,29,FALSE,FALSE,FALSE
29141,29,FALSE,FALSE,FALSE
29143,29,TRUE,TRUE,FALSE
29145,29,TRUE,TRUE,FALSE
29147,29,TRUE,TRUE,FALSE
29149,29,TRUE,TRUE,FALSE
29151,29,FALSE,FALSE,FALSE
29153,29,TRUE,TRUE,FALSE
29155,29,TRUE,TRUE,FALSE
29157,29,TRUE,TRUE,FALSE
29159,29,FALSE,FALSE,FALSE
29161,29,FALSE,FALSE,FALSE
29163,29,TRUE,TRUE,FALSE
29165,29,TRUE,TRUE,FALSE
29167,29,FALSE,FALSE,FALSE
29169,29,FALSE,FALSE,FALSE
29171,29,TRUE,TRUE,FALSE
29173,29,TRUE,TRUE,FALSE
29175,29,FALSE,FALSE,FALSE
29177,29,FALSE,FALSE,FALSE
29179,29,FALSE,FALSE,FALSE
29181,29,TRUE,TRUE,FALSE
29183,29,TRUE,TRUE,FALSE
29185,29,FALSE,FALSE,FALSE
29186,29,TRUE,TRUE,FALSE
29187,29,FALSE,FALSE,FALSE
29189,29,TRUE,TRUE,FALSE
29195,29,FALSE,FALSE,FALSE
29197,29,TRUE,TRUE,FALSE
29199,29,TRUE,TRUE,FALSE
29201,29,TRUE,TRUE,FALSE
29203,29,FALSE,FALSE,FALSE
29205,29,FALSE,FALSE,FALSE
29207,29,FALSE,FALSE,FALSE
29209,29,TRUE,TRUE,FALSE
29211,29,FALSE,FALSE,FALSE
29213,29,TRUE,TRUE,FALSE
29215,29,FALSE,FALSE,FALSE
29217,29,TRUE,TRUE,FALSE
29219,29,FALSE,FALSE,FALSE
29221,29,FALSE,FALSE,FALSE
29223,29,FALSE,FALSE,FALSE
29225,29,FALSE,FALSE,FALSE
29227,29,TRUE,TRUE,FALSE
29229,29,FALSE,FALSE,FALSE
29510,29,TRUE,TRUE,FALSE
30001,30,TRUE,TRUE,FALSE
30003,30,TRUE,TRUE,FALSE
30005,30,TRUE,TRUE,FALSE
30007,30,FALSE,FALSE,FALSE
30009,30,TRUE,TRUE,FALSE
30011,30,TRUE,TRUE,FALSE
30013,30,FALSE,FALSE,FALSE
30015,30,FALSE,FALSE,FALSE
30017,30,FALSE,FALSE,FALSE
30019,30,TRUE,TRUE,FALSE
30021,30,FALSE,FALSE,FALSE
30023,30,FALSE,FALSE,FALSE
30025,30,TRUE,TRUE,FALSE
30027,30,FALSE,FALSE,FALSE
30029,30,TRUE,TRUE,FALSE
30031,30,TRUE,TRUE,FALSE
30033,30,FALSE,FALSE,FALSE
30035,30,TRUE,TRUE,FALSE
30037,30,FALSE,FALSE,FALSE
30039,30,FALSE,FALSE,FALSE
30041,30,TRUE,TRUE,FALSE
30043,30,FALSE,FALSE,FALSE
30045,30,FALSE,FALSE,FALSE
30047,30,FALSE,FALSE,FALSE
30049,30,FALSE,FALSE,FALSE
30051,30,TRUE,TRUE,FALSE
30053,30,TRUE,TRUE,FALSE
30055,30,FALSE,FALSE,FALSE
30057,30,TRUE,TRUE,FALSE
30059,30,FALSE,FALSE,FALSE
30061,30,TRUE,TRUE,FALSE
30063,30,TRUE,TRUE,FALSE
30065,30,FALSE,FALSE,FALSE
30067,30,TRUE,TRUE,FALSE
30069,30,FALSE,FALSE,FALSE
30071,30,TRUE,TRUE,FALSE
30073,30,FALSE,FALSE,FALSE
30075,30,TRUE,TRUE,FALSE
30077,30,FALSE,FALSE,FALSE
30079,30,FALSE,FALSE,FALSE
30081,30,TRUE,TRUE,FALSE
30083,30,TRUE,TRUE,FALSE
30085,30,TRUE,TRUE,FALSE
30087,30,FALSE,FALSE,FALSE
30089,30,TRUE,TRUE,FALSE
30091,30,TRUE,TRUE,FALSE
30093,30,FALSE,FALSE,FALSE
30095,30,FALSE,FALSE,FALSE
30097,30,FALSE,FALSE,FALSE
30099,30,FALSE,FALSE,FALSE
30101,30,TRUE,TRUE,FALSE
30103,30,FALSE,FALSE,FALSE
30105,30,TRUE,TRUE,FALSE
30107,30,FALSE,FALSE,FALSE
30109,30,TRUE,TRUE,FALSE
30111,30,FALSE,FALSE,FALSE
31001,31,FALSE,FALSE,FALSE
31003,31,FALSE,FALSE,FALSE
31005,31,FALSE,FALSE,FALSE
31007,31,TRUE,TRUE,FALSE
31009,31,FALSE,FALSE,FALSE
31011,31,FALSE,FALSE,FALSE
31013,31,FALSE,FALSE,FALSE
31015,31,TRUE,TRUE,FALSE
31017,31,FALSE,FALSE,FALSE
31019,31,FALSE,FALSE,FALSE
31021,31,TRUE,TRUE,FALSE
31023,31,FALSE,FALSE,FALSE
31025,31,TRUE,TRUE,FALSE
31027,31,TRUE,TRUE,FALSE
31029,31,TRUE,TRUE,FALSE
31031,31,TRUE,TRUE,FALSE
31033,31,TRUE,TRUE,FALSE
31035,31,FALSE,FALSE,FALSE
31037,31,FALSE,FALSE,FALSE
31039,31,FALSE,FALSE,FALSE
31041,31,FALSE,FALSE,FALSE
31043,31,TRUE,TRUE,FALSE
31045,31,TRUE,TRUE,FALSE
31047,31,FALSE,FALSE,FALSE
31049,31,TRUE,TRUE,FALSE
31051,31,TRUE,TRUE,FALSE
31053,31,FALSE,FALSE,FALSE
31055,31,TRUE,TRUE,FALSE
31057,31,TRUE,TRUE,FALSE
31059,31,FALSE,FALSE,FALSE
31061,31,TRUE,TRUE,FALSE
31063,31,FALSE,FALSE,FALSE
31065,31,TRUE,TRUE,FALSE
31067,31,TRUE,TRUE,FALSE
31069,31,FALSE,FALSE,FALSE
31071,31,FALSE,FALSE,FALSE
31073,31,FALSE,FALSE,FALSE
31075,31,FALSE,FALSE,FALSE
31077,31,FALSE,FALSE,FALSE
31079,31,FALSE,FALSE,FALSE
31081,31,FALSE,FALSE,FALSE
31083,31,TRUE,TRUE,FALSE
31085,31,FALSE,FALSE,FALSE
31087,31,TRUE,TRUE,FALSE
31089,31,FALSE,FALSE,FALSE
31091,31,FALSE,FALSE,FALSE
31093,31,FALSE,FALSE,FALSE
31095,31,TRUE,TRUE,FALSE
31097,31,FALSE,FALSE,FALSE
31099,31,FALSE,FALSE,FALSE
31101,31,FALSE,FALSE,FALSE
31103,31,TRUE,TRUE,FALSE
31105,31,TRUE,TRUE,FALSE
31107,31,TRUE,TRUE,FALSE
31109,31,FALSE,FALSE,FALSE
31111,31,FALSE,FALSE,FALSE
31113,31,FALSE,FALSE,FALSE
31115,31,FALSE,FALSE,FALSE
31117,31,FALSE,FALSE,FALSE
31119,31,FALSE,FALSE,FALSE
31121,31,FALSE,FALSE,FALSE
31123,31,FALSE,FALSE,FALSE
31125,31,FALSE,FALSE,FALSE
31127,31,TRUE,TRUE,FALSE
31129,31,TRUE,TRUE,FALSE
31131,31,TRUE,TRUE,FALSE
31133,31,TRUE,TRUE,FALSE
31135,31,TRUE,TRUE,FALSE
31137,31,FALSE,FALSE,FALSE
31139,31,FALSE,FALSE,FALSE
31141,31,FALSE,FALSE,FALSE
31143,31,FALSE,FALSE,FALSE
31145,31,TRUE,TRUE,FALSE
31147,31,TRUE,TRUE,FALSE
31149,31,FALSE,FALSE,FALSE
31151,31,FALSE,FALSE,FALSE
31153,31,TRUE,TRUE,FALSE
31155,31,FALSE,FALSE,FALSE
31157,31,TRUE,TRUE,FALSE
31159,31,FALSE,FALSE,FALSE
31161,31,TRUE,TRUE,FALSE
31163,31,FALSE,FALSE,FALSE
31165,31,TRUE,TRUE,FALSE
31167,31,FALSE,FALSE,FALSE
31169,31,TRUE,TRUE,FALSE
31171,31,FALSE,FALSE,FALSE
31173,31,TRUE,TRUE,FALSE
31175,31,FALSE,FALSE,FALSE
31177,31,TRUE,TRUE,FALSE
31179,31,FALSE,FALSE,FALSE
31181,31,TRUE,TRUE,FALSE
31183,31,FALSE,FALSE,FALSE
31185,31,FALSE,FALSE,FALSE
32001,32,FALSE,FALSE,FALSE
32003,32,TRUE,TRUE,FALSE
32005,32,TRUE,TRUE,FALSE
32007,32,TRUE,TRUE,FALSE
32009,32,TRUE,TRUE,FALSE
32011,32,FALSE,FALSE,FALSE
32013,32,TRUE,TRUE,FALSE
32015,32,FALSE,FALSE,FALSE
32017,32,TRUE,TRUE,FALSE
32019,32,TRUE,TRUE,FALSE
32021,32,TRUE,TRUE,FALSE
32023,32,TRUE,TRUE,FALSE
32027,32,FALSE,FALSE,FALSE
32029,32,FALSE,FALSE,FALSE
32031,32,TRUE,TRUE,FALSE
32033,32,TRUE,TRUE,FALSE
32510,32,TRUE,TRUE,FALSE
33001,33,FALSE,FALSE,FALSE
33003,33,TRUE,TRUE,FALSE
33005,33,TRUE,TRUE,FALSE
33007,33,TRUE,TRUE,FALSE
33009,33,TRUE,TRUE,FALSE
33011,33,TRUE,TRUE,FALSE
33013,33,FALSE,FALSE,FALSE
33015,33,TRUE,TRUE,FALSE
33017,33,TRUE,TRUE,FALSE
33019,33,TRUE,TRUE,FALSE
34001,34,TRUE,TRUE,FALSE
34003,34,TRUE,TRUE,FALSE
34005,34,TRUE,TRUE,FALSE
34007,34,TRUE,TRUE,FALSE
34009,34,TRUE,TRUE,FALSE
34011,34,TRUE,TRUE,FALSE
34013,34,FALSE,FALSE,FALSE
34015,34,TRUE,TRUE,FALSE
34017,34,TRUE,TRUE,FALSE
34019,34,TRUE,TRUE,FALSE
34021,34,TRUE,TRUE,FALSE
34023,34,TRUE,TRUE,FALSE
34025,34,TRUE,TRUE,FALSE
34027,34,FALSE,FALSE,FALSE
34029,34,TRUE,TRUE,FALSE
34031,34,TRUE,TRUE,FALSE
34033,34,TRUE,TRUE,FALSE
34035,34,FALSE,FALSE,FALSE
34037,34,TRUE,TRUE,FALSE
34039,34,TRUE,TRUE,FALSE
34041,34,TRUE,TRUE,FALSE
35001,35,FALSE,FALSE,FALSE
35003,35,TRUE,TRUE,FALSE
35005,35,FALSE,FALSE,FALSE
35006,35,TRUE,TRUE,FALSE
35007,35,TRUE,TRUE,FALSE
35009,35,TRUE,TRUE,FALSE
35011,35,FALSE,FALSE,FALSE
35013,35,TRUE,TRUE,FALSE
35015,35,TRUE,TRUE,FALSE
35017,35,TRUE,TRUE,FALSE
35019,35,FALSE,FALSE,FALSE
35021,35,FALSE,FALSE,FALSE
35023,35,TRUE,TRUE,FALSE
35025,35,TRUE,TRUE,FALSE
35027,35,FALSE,FALSE,FALSE
35028,35,FALSE,FALSE,FALSE
35029,35,TRUE,TRUE,FALSE
35031,35,TRUE,TRUE,FALSE
35033,35,FALSE,FALSE,FALSE
35035,35,TRUE,TRUE,FALSE
35037,35,TRUE,TRUE,FALSE
35039,35,TRUE,TRUE,FALSE
35041,35,TRUE,TRUE,FALSE
35043,35,FALSE,FALSE,FALSE
35045,35,TRUE,TRUE,FALSE
35047,35,FALSE,FALSE,FALSE
35049,35,FALSE,FALSE,FALSE
35051,35,FALSE,FALSE,FALSE
35053,35,FALSE,FALSE,FALSE
35055,35,TRUE,TRUE,FALSE
35057,35,FALSE,FALSE,FALSE
35059,35,TRUE,TRUE,FALSE
35061,35,FALSE,FALSE,FALSE
36001,36,FALSE,FALSE,FALSE
36003,36,TRUE,TRUE,FALSE
36005,36,TRUE,TRUE,FALSE
36007,36,TRUE,TRUE,FALSE
36009,36,TRUE,TRUE,FALSE
36011,36,TRUE,TRUE,FALSE
36013,36,TRUE,TRUE,FALSE
36015,36,TRUE,TRUE,FALSE
36017,36,FALSE,FALSE,FALSE
36019,36,TRUE,TRUE,FALSE
36021,36,TRUE,TRUE,FALSE
36023,36,FALSE,FALSE,FALSE
36025,36,TRUE,TRUE,FALSE
36027,36,TRUE,TRUE,FALSE
36029,36,TRUE,TRUE,FALSE
36031,36,TRUE,TRUE,FALSE
36033,36,TRUE,TRUE,FALSE
36035,36,FALSE,FALSE,FALSE
36037,36,FALSE,FALSE,FALSE
36039,36,FALSE,FALSE,FALSE
36041,36,FALSE,FALSE,FALSE
36043,36,FALSE,FALSE,FALSE
36045,36,TRUE,TRUE,FALSE
36047,36,TRUE,TRUE,FALSE
36049,36,FALSE,FALSE,FALSE
36051,36,FALSE,FALSE,FALSE
36053,36,FALSE,FALSE,FALSE
36055,36,TRUE,TRUE,FALSE
36057,36,FALSE,FALSE,FALSE
36059,36,TRUE,TRUE,FALSE
36061,36,TRUE,TRUE,FALSE
36063,36,TRUE,TRUE,FALSE
36065,36,FALSE,FALSE,FALSE
36067,36,FALSE,FALSE,FALSE
36069,36,FALSE,FALSE,FALSE
36071,36,TRUE,TRUE,FALSE
36073,36,TRUE,TRUE,FALSE
36075,36,FALSE,TRUE,TRUE
36077,36,FALSE,FALSE,FALSE
36079,36,TRUE,TRUE,FALSE
36081,36,TRUE,TRUE,FALSE
36083,36,TRUE,TRUE,FALSE
36085,36,TRUE,TRUE,FALSE
36087,36,TRUE,TRUE,FALSE
36089,36,TRUE,TRUE,FALSE
36091,36,FALSE,FALSE,FALSE
36093,36,FALSE,FALSE,FALSE
36095,36,FALSE,FALSE,FALSE
36097,36,FALSE,FALSE,FALSE
36099,36,FALSE,FALSE,FALSE
36101,36,TRUE,TRUE,FALSE
36103,36,TRUE,TRUE,FALSE
36105,36,TRUE,TRUE,FALSE
36107,36,TRUE,TRUE,FALSE
36109,36,FALSE,FALSE,FALSE
36111,36,FALSE,FALSE,FALSE
36113,36,FALSE,FALSE,FALSE
36115,36,TRUE,TRUE,FALSE
36117,36,TRUE,TRUE,FALSE
36119,36,TRUE,TRUE,FALSE
36121,36,FALSE,FALSE,FALSE
36123,36,FALSE,FALSE,FALSE
37001,37,FALSE,FALSE,FALSE
37003,37,FALSE,FALSE,FALSE
37005,37,TRUE,TRUE,FALSE
37007,37,TRUE,TRUE,FALSE
37009,37,TRUE,TRUE,FALSE
37011,37,TRUE,TRUE,FALSE
37013,37,FALSE,TRUE,TRUE
37015,37,FALSE,TRUE,TRUE
37017,37,FALSE,FALSE,FALSE
37019,37,TRUE,TRUE,FALSE
37021,37,FALSE,FALSE,FALSE
37023,37,FALSE,FALSE,FALSE
37025,37,FALSE,FALSE,FALSE
37027,37,FALSE,FALSE,FALSE
37029,37,TRUE,TRUE,FALSE
37031,37,TRUE,TRUE,FALSE
37033,37,TRUE,TRUE,FALSE
37035,37,FALSE,FALSE,FALSE
37037,37,FALSE,FALSE,FALSE
37039,37,TRUE,TRUE,FALSE
37041,37,FALSE,TRUE,TRUE
37043,37,TRUE,TRUE,FALSE
37045,37,TRUE,TRUE,FALSE
37047,37,TRUE,TRUE,FALSE
37049,37,FALSE,TRUE,TRUE
37051,37,FALSE,FALSE,FALSE
37053,37,TRUE,TRUE,FALSE
37055,37,TRUE,TRUE,FALSE
37057,37,FALSE,FALSE,FALSE
37059,37,FALSE,FALSE,FALSE
37061,37,FALSE,FALSE,FALSE
37063,37,FALSE,FALSE,FALSE
37065,37,FALSE,FALSE,FALSE
37067,37,FALSE,FALSE,FALSE
37069,37,FALSE,FALSE,FALSE
37071,37,TRUE,TRUE,FALSE
37073,37,TRUE,TRUE,FALSE
37075,37,TRUE,TRUE,FALSE
37077,37,TRUE,TRUE,FALSE
37079,37,FALSE,FALSE,FALSE
37081,37,FALSE,FALSE,FALSE
37083,37,FALSE,FALSE,FALSE
37085,37,FALSE,FALSE,FALSE
37087,37,TRUE,TRUE,FALSE
37089,37,TRUE,TRUE,FALSE
37091,37,TRUE,TRUE,FALSE
37093,37,FALSE,FALSE,FALSE
37095,37,TRUE,TRUE,FALSE
37097,37,FALSE,FALSE,FALSE
37099,37,TRUE,TRUE,FALSE
37101,37,FALSE,FALSE,FALSE
37103,37,FALSE,FALSE,FALSE
37105,37,FALSE,FALSE,FALSE
37107,37,FALSE,FALSE,FALSE
37109,37,FALSE,FALSE,FALSE
37111,37,FALSE,FALSE,FALSE
37113,37,TRUE,TRUE,FALSE
37115,37,TRUE,TRUE,FALSE
37117,37,FALSE,FALSE,FALSE
37119,37,TRUE,TRUE,FALSE
37121,37,TRUE,TRUE,FALSE
37123,37,FALSE,FALSE,FALSE
37125,37,FALSE,FALSE,FALSE
37127,37,FALSE,FALSE,FALSE
37129,37,TRUE,TRUE,FALSE
37131,37,TRUE,TRUE,FALSE
37133,37,TRUE,TRUE,FALSE
37135,37,FALSE,FALSE,FALSE
37137,37,FALSE,TRUE,TRUE
37139,37,FALSE,TRUE,TRUE
37141,37,TRUE,TRUE,FALSE
37143,37,FALSE,TRUE,TRUE
37145,37,TRUE,TRUE,FALSE
37147,37,FALSE,FALSE,FALSE
37149,37,TRUE,TRUE,FALSE
37151,37,FALSE,FALSE,FALSE
37153,37,TRUE,TRUE,FALSE
37155,37,TRUE,TRUE,FALSE
37157,37,TRUE,TRUE,FALSE
37159,37,FALSE,FALSE,FALSE
37161,37,TRUE,TRUE,FALSE
37163,37,FALSE,FALSE,FALSE
37165,37,TRUE,TRUE,FALSE
37167,37,FALSE,FALSE,FALSE
37169,37,TRUE,TRUE,FALSE
37171,37,TRUE,TRUE,FALSE
37173,37,TRUE,TRUE,FALSE
37175,37,TRUE,TRUE,FALSE
37177,37,FALSE,TRUE,TRUE
37179,37,TRUE,TRUE,FALSE
37181,37,TRUE,TRUE,FALSE
37183,37,FALSE,FALSE,FALSE
37185,37,TRUE,TRUE,FALSE
37187,37,FALSE,TRUE,TRUE
37189,37,TRUE,TRUE,FALSE
37191,37,FALSE,FALSE,FALSE
37193,37,FALSE,FALSE,FALSE
37195,37,FALSE,FALSE,FALSE
37197,37,FALSE,FALSE,FALSE
37199,37,TRUE,TRUE,FALSE
38001,38,TRUE,TRUE,FALSE
38003,38,FALSE,FALSE,FALSE
38005,38,FALSE,FALSE,FALSE
38007,38,FALSE,FALSE,FALSE
38009,38,TRUE,TRUE,FALSE
38011,38,TRUE,TRUE,FALSE
38013,38,TRUE,TRUE,FALSE
38015,38,FALSE,FALSE,FALSE
38017,38,TRUE,TRUE,FALSE
38019,38,TRUE,TRUE,FALSE
38021,38,TRUE,TRUE,FALSE
38023,38,TRUE,TRUE,FALSE
38025,38,FALSE,FALSE,FALSE
38027,38,FALSE,FALSE,FALSE
38029,38,TRUE,TRUE,FALSE
38031,38,FALSE,FALSE,FALSE
38033,38,TRUE,TRUE,FALSE
38035,38,TRUE,TRUE,FALSE
38037,38,FALSE,FALSE,FALSE
38039,38,FALSE,FALSE,FALSE
38041,38,FALSE,FALSE,FALSE
38043,38,FALSE,FALSE,FALSE
38045,38,FALSE,FALSE,FALSE
38047,38,FALSE,FALSE,FALSE
38049,38,FALSE,FALSE,FALSE
38051,38,TRUE,TRUE,FALSE
38053,38,TRUE,TRUE,FALSE
38055,38,FALSE,FALSE,FALSE
38057,38,FALSE,FALSE,FALSE
38059,38,FALSE,FALSE,FALSE
38061,38,FALSE,FALSE,FALSE
38063,38,FALSE,FALSE,FALSE
38065,38,FALSE,FALSE,FALSE
38067,38,TRUE,TRUE,FALSE
38069,38,FALSE,FALSE,FALSE
38071,38,FALSE,FALSE,FALSE
38073,38,FALSE,FALSE,FALSE
38075,38,TRUE,TRUE,FALSE
38077,38,TRUE,TRUE,FALSE
38079,38,TRUE,TRUE,FALSE
38081,38,TRUE,TRUE,FALSE
38083,38,FALSE,FALSE,FALSE
38085,38,TRUE,TRUE,FALSE
38087,38,TRUE,TRUE,FALSE
38089,38,FALSE,FALSE,FALSE
38091,38,FALSE,FALSE,FALSE
38093,38,FALSE,FALSE,FALSE
38095,38,TRUE,TRUE,FALSE
38097,38,TRUE,TRUE,FALSE
38099,38,TRUE,TRUE,FALSE
38101,38,FALSE,FALSE,FALSE
38103,38,FALSE,FALSE,FALSE
38105,38,TRUE,TRUE,FALSE
39001,39,TRUE,TRUE,FALSE
39003,39,FALSE,FALSE,FALSE
39005,39,FALSE,FALSE,FALSE
39007,39,TRUE,TRUE,FALSE
39009,39,TRUE,TRUE,FALSE
39011,39,FALSE,FALSE,FALSE
39013,39,TRUE,TRUE,FALSE
39015,39,TRUE,TRUE,FALSE
39017,39,TRUE,TRUE,FALSE
39019,39,FALSE,FALSE,FALSE
39021,39,FALSE,FALSE,FALSE
39023,39,FALSE,FALSE,FALSE
39025,39,TRUE,TRUE,FALSE
39027,39,FALSE,FALSE,FALSE
39029,39,TRUE,TRUE,FALSE
39031,39,FALSE,FALSE,FALSE
39033,39,FALSE,FALSE,FALSE
39035,39,TRUE,TRUE,FALSE
39037,39,TRUE,TRUE,FALSE
39039,39,TRUE,TRUE,FALSE
39041,39,FALSE,FALSE,FALSE
39043,39,TRUE,TRUE,FALSE
39045,39,FALSE,FALSE,FALSE
39047,39,FALSE,FALSE,FALSE
39049,39,FALSE,FALSE,FALSE
39051,39,TRUE,TRUE,FALSE
39053,39,TRUE,TRUE,FALSE
39055,39,FALSE,FALSE,FALSE
39057,39,FALSE,FALSE,FALSE
39059,39,FALSE,FALSE,FALSE
39061,39,TRUE,TRUE,FALSE
39063,39,FALSE,FALSE,FALSE
39065,39,FALSE,FALSE,FALSE
39067,39,FALSE,FALSE,FALSE
39069,39,FALSE,FALSE,FALSE
39071,39,FALSE,FALSE,FALSE
39073,39,FALSE,FALSE,FALSE
39075,39,FALSE,FALSE,FALSE
39077,39,FALSE,FALSE,FALSE
39079,39,FALSE,FALSE,FALSE
39081,39,TRUE,TRUE,FALSE
39083,39,FALSE,FALSE,FALSE
39085,39,TRUE,TRUE,FALSE
39087,39,TRUE,TRUE,FALSE
39089,39,FALSE,FALSE,FALSE
39091,39,FALSE,FALSE,FALSE
39093,39,TRUE,TRUE,FALSE
39095,39,TRUE,TRUE,FALSE
39097,39,FALSE,FALSE,FALSE
39099,39,TRUE,TRUE,FALSE
39101,39,FALSE,FALSE,FALSE
39103,39,FALSE,FALSE,FALSE
39105,39,TRUE,TRUE,FALSE
39107,39,TRUE,TRUE,FALSE
39109,39,FALSE,FALSE,FALSE
39111,39,TRUE,TRUE,FALSE
39113,39,FALSE,FALSE,FALSE
39115,39,FALSE,FALSE,FALSE
39117,39,FALSE,FALSE,FALSE
39119,39,FALSE,FALSE,FALSE
39121,39,FALSE,FALSE,FALSE
39123,39,TRUE,TRUE,FALSE
39125,39,TRUE,TRUE,FALSE
39127,39,FALSE,FALSE,FALSE
39129,39,FALSE,FALSE,FALSE
39131,39,FALSE,FALSE,FALSE
39133,39,FALSE,FALSE,FALSE
39135,39,TRUE,TRUE,FALSE
39137,39,FALSE,FALSE,FALSE
39139,39,FALSE,FALSE,FALSE
39141,39,FALSE,FALSE,FALSE
39143,39,FALSE,TRUE,TRUE
39145,39,TRUE,TRUE,FALSE
39147,39,FALSE,FALSE,FALSE
39149,39,FALSE,FALSE,FALSE
39151,39,FALSE,FALSE,FALSE
39153,39,FALSE,FALSE,FALSE
39155,39,TRUE,TRUE,FALSE
39157,39,FALSE,FALSE,FALSE
39159,39,FALSE,FALSE,FALSE
39161,39,TRUE,TRUE,FALSE
39163,39,FALSE,FALSE,FALSE
39165,39,FALSE,FALSE,FALSE
39167,39,TRUE,TRUE,FALSE
39169,39,FALSE,FALSE,FALSE
39171,39,TRUE,TRUE,FALSE
39173,39,FALSE,FALSE,FALSE
39175,39,FALSE,FALSE,FALSE
40001,40,TRUE,TRUE,FALSE
40003,40,TRUE,TRUE,FALSE
40005,40,FALSE,FALSE,FALSE
40007,40,TRUE,TRUE,FALSE
40009,40,TRUE,TRUE,FALSE
40011,40,FALSE,FALSE,FALSE
40013,40,TRUE,TRUE,FALSE
40015,40,FALSE,FALSE,FALSE
40017,40,FALSE,FALSE,FALSE
40019,40,FALSE,FALSE,FALSE
40021,40,FALSE,FALSE,FALSE
40023,40,TRUE,TRUE,FALSE
40025,40,TRUE,TRUE,FALSE
40027,40,FALSE,FALSE,FALSE
40029,40,FALSE,FALSE,FALSE
40031,40,FALSE,FALSE,FALSE
40033,40,TRUE,TRUE,FALSE
40035,40,TRUE,TRUE,FALSE
40037,40,FALSE,FALSE,FALSE
40039,40,FALSE,FALSE,FALSE
40041,40,TRUE,TRUE,FALSE
40043,40,FALSE,FALSE,FALSE
40045,40,TRUE,TRUE,FALSE
40047,40,FALSE,FALSE,FALSE
40049,40,FALSE,FALSE,FALSE
40051,40,FALSE,FALSE,FALSE
40053,40,TRUE,TRUE,FALSE
40055,40,FALSE,FALSE,FALSE
40057,40,TRUE,TRUE,FALSE
40059,40,TRUE,TRUE,FALSE
40061,40,FALSE,FALSE,FALSE
40063,40,FALSE,FALSE,FALSE
40065,40,TRUE,TRUE,FALSE
40067,40,TRUE,TRUE,FALSE
40069,40,FALSE,FALSE,FALSE
40071,40,TRUE,TRUE,FALSE
40073,40,FALSE,FALSE,FALSE
40075,40,FALSE,FALSE,FALSE
40077,40,FALSE,FALSE,FALSE
40079,40,TRUE,TRUE,FALSE
40081,40,FALSE,FALSE,FALSE
40083,40,FALSE,FALSE,FALSE
40085,40,TRUE,TRUE,FALSE
40087,40,FALSE,FALSE,FALSE
40089,40,TRUE,TRUE,FALSE
40091,40,FALSE,FALSE,FALSE
40093,40,FALSE,FALSE,FALSE
40095,40,TRUE,TRUE,FALSE
40097,40,FALSE,FALSE,FALSE
40099,40,FALSE,FALSE,FALSE
40101,40,FALSE,FALSE,FALSE
40103,40,FALSE,FALSE,FALSE
40105,40,TRUE,TRUE,FALSE
40107,40,FALSE,FALSE,FALSE
40109,40,FALSE,FALSE,FALSE
40111,40,FALSE,FALSE,FALSE
40113,40,TRUE,TRUE,FALSE
40115,40,TRUE,TRUE,FALSE
40117,40,FALSE,FALSE,FALSE
40119,40,FALSE,FALSE,FALSE
40121,40,FALSE,FALSE,FALSE
40123,40,FALSE,FALSE,FALSE
40125,40,FALSE,FALSE,FALSE
40127,40,FALSE,FALSE,FALSE
40129,40,TRUE,TRUE,FALSE
40131,40,FALSE,FALSE,FALSE
40133,40,FALSE,FALSE,FALSE
40135,40,TRUE,TRUE,FALSE
40137,40,FALSE,FALSE,FALSE
40139,40,TRUE,TRUE,FALSE
40141,40,TRUE,TRUE,FALSE
40143,40,FALSE,FALSE,FALSE
40145,40,FALSE,FALSE,FALSE
40147,40,TRUE,TRUE,FALSE
40149,40,FALSE,FALSE,FALSE
40151,40,TRUE,TRUE,FALSE
40153,40,FALSE,FALSE,FALSE
41001,41,TRUE,TRUE,FALSE
41003,41,FALSE,FALSE,FALSE
41005,41,FALSE,FALSE,FALSE
41007,41,TRUE,TRUE,FALSE
41009,41,TRUE,TRUE,FALSE
41011,41,TRUE,TRUE,FALSE
41013,41,FALSE,FALSE,FALSE
41015,41,TRUE,TRUE,FALSE
41017,41,FALSE,FALSE,FALSE
41019,41,TRUE,TRUE,FALSE
41021,41,TRUE,TRUE,FALSE
41023,41,FALSE,FALSE,FALSE
41025,41,TRUE,TRUE,FALSE
41027,41,TRUE,TRUE,FALSE
41029,41,TRUE,TRUE,FALSE
41031,41,FALSE,FALSE,FALSE
41033,41,TRUE,TRUE,FALSE
41035,41,TRUE,TRUE,FALSE
41037,41,TRUE,TRUE,FALSE
41039,41,TRUE,TRUE,FALSE
41041,41,TRUE,TRUE,FALSE
41043,41,FALSE,FALSE,FALSE
41045,41,TRUE,TRUE,FALSE
41047,41,FALSE,FALSE,FALSE
41049,41,TRUE,TRUE,FALSE
41051,41,TRUE,TRUE,FALSE
41053,41,FALSE,FALSE,FALSE
41055,41,TRUE,TRUE,FALSE
41057,41,TRUE,TRUE,FALSE
41059,41,TRUE,TRUE,FALSE
41061,41,FALSE,FALSE,FALSE
41063,41,TRUE,TRUE,FALSE
41065,41,TRUE,TRUE,FALSE
41067,41,FALSE,FALSE,FALSE
41069,41,FALSE,FALSE,FALSE
41071,41,FALSE,FALSE,FALSE
42001,42,TRUE,TRUE,FALSE
42003,42,FALSE,FALSE,FALSE
42005,42,FALSE,FALSE,FALSE
42007,42,TRUE,TRUE,FALSE
42009,42,TRUE,TRUE,FALSE
42011,42,FALSE,FALSE,FALSE
42013,42,FALSE,FALSE,FALSE
42015,42,TRUE,TRUE,FALSE
42017,42,TRUE,TRUE,FALSE
42019,42,FALSE,FALSE,FALSE
42021,42,FALSE,FALSE,FALSE
42023,42,FALSE,FALSE,FALSE
42025,42,FALSE,FALSE,FALSE
42027,42,FALSE,FALSE,FALSE
42029,42,TRUE,TRUE,FALSE
42031,42,FALSE,FALSE,FALSE
42033,42,FALSE,FALSE,FALSE
42035,42,FALSE,FALSE,FALSE
42037,42,FALSE,FALSE,FALSE
42039,42,TRUE,TRUE,FALSE
42041,42,FALSE,FALSE,FALSE
42043,42,FALSE,FALSE,FALSE
42045,42,TRUE,TRUE,FALSE
42047,42,FALSE,FALSE,FALSE
42049,42,TRUE,TRUE,FALSE
42051,42,TRUE,TRUE,FALSE
42053,42,FALSE,FALSE,FALSE
42055,42,TRUE,TRUE,FALSE
42057,42,TRUE,TRUE,FALSE
42059,42,TRUE,TRUE,FALSE
42061,42,FALSE,FALSE,FALSE
42063,42,FALSE,FALSE,FALSE
42065,42,FALSE,FALSE,FALSE
42067,42,FALSE,FALSE,FALSE
42069,42,FALSE,FALSE,FALSE
42071,42,TRUE,TRUE,FALSE
42073,42,TRUE,TRUE,FALSE
42075,42,FALSE,FALSE,FALSE
42077,42,FALSE,FALSE,FALSE
42079,42,FALSE,FALSE,FALSE
42081,42,FALSE,FALSE,FALSE
42083,42,TRUE,TRUE,FALSE
42085,42,TRUE,TRUE,FALSE
42087,42,FALSE,FALSE,FALSE
42089,42,TRUE,TRUE,FALSE
42091,42,FALSE,FALSE,FALSE
42093,42,FALSE,FALSE,FALSE
42095,42,TRUE,TRUE,FALSE
42097,42,FALSE,FALSE,FALSE
42099,42,FALSE,FALSE,FALSE
42101,42,TRUE,TRUE,FALSE
42103,42,TRUE,TRUE,FALSE
42105,42,TRUE,TRUE,FALSE
42107,42,FALSE,FALSE,FALSE
42109,42,FALSE,FALSE,FALSE
42111,42,TRUE,TRUE,FALSE
42113,42,FALSE,FALSE,FALSE
42115,42,TRUE,TRUE,FALSE
42117,42,TRUE,TRUE,FALSE
42119,42,FALSE,FALSE,FALSE
42121,42,FALSE,FALSE,FALSE
42123,42,TRUE,TRUE,FALSE
42125,42,TRUE,TRUE,FALSE
42127,42,TRUE,TRUE,FALSE
42129,42,FALSE,FALSE,FALSE
42131,42,FALSE,FALSE,FALSE
42133,42,TRUE,TRUE,FALSE
44001,44,TRUE,TRUE,FALSE
44003,44,TRUE,TRUE,FALSE
44005,44,TRUE,TRUE,FALSE
44007,44,TRUE,TRUE,FALSE
44009,44,TRUE,TRUE,FALSE
45001,45,TRUE,TRUE,FALSE
45003,45,TRUE,TRUE,FALSE
45005,45,TRUE,TRUE,FALSE
45007,45,TRUE,TRUE,FALSE
45009,45,FALSE,FALSE,FALSE
45011,45,TRUE,TRUE,FALSE
45013,45,TRUE,TRUE,FALSE
45015,45,FALSE,FALSE,FALSE
45017,45,FALSE,FALSE,FALSE
45019,45,TRUE,TRUE,FALSE
45021,45,TRUE,TRUE,FALSE
45023,45,FALSE,FALSE,FALSE
45025,45,TRUE,TRUE,FALSE
45027,45,FALSE,FALSE,FALSE
45029,45,TRUE,TRUE,FALSE
45031,45,FALSE,FALSE,FALSE
45033,45,TRUE,TRUE,FALSE
45035,45,FALSE,FALSE,FALSE
45037,45,TRUE,TRUE,FALSE
45039,45,FALSE,FALSE,FALSE
45041,45,FALSE,FALSE,FALSE
45043,45,TRUE,TRUE,FALSE
45045,45,TRUE,TRUE,FALSE
45047,45,FALSE,FALSE,FALSE
45049,45,TRUE,TRUE,FALSE
45051,45,TRUE,TRUE,FALSE
45053,45,TRUE,TRUE,FALSE
45055,45,FALSE,FALSE,FALSE
45057,45,TRUE,TRUE,FALSE
45059,45,FALSE,FALSE,FALSE
45061,45,FALSE,FALSE,FALSE
45063,45,FALSE,FALSE,FALSE
45065,45,TRUE,TRUE,FALSE
45067,45,FALSE,FALSE,FALSE
45069,45,TRUE,TRUE,FALSE
45071,45,FALSE,FALSE,FALSE
45073,45,TRUE,TRUE,FALSE
45075,45,FALSE,FALSE,FALSE
45077,45,TRUE,TRUE,FALSE
45079,45,FALSE,FALSE,FALSE
45081,45,FALSE,FALSE,FALSE
45083,45,TRUE,TRUE,FALSE
45085,45,FALSE,FALSE,FALSE
45087,45,FALSE,FALSE,FALSE
45089,45,FALSE,FALSE,FALSE
45091,45,TRUE,TRUE,FALSE
46003,46,FALSE,FALSE,FALSE
46005,46,FALSE,FALSE,FALSE
46007,46,TRUE,TRUE,FALSE
46009,46,TRUE,TRUE,FALSE
46011,46,TRUE,TRUE,FALSE
46013,46,TRUE,TRUE,FALSE
46015,46,FALSE,FALSE,FALSE
46017,46,FALSE,FALSE,FALSE
46019,46,TRUE,TRUE,FALSE
46021,46,TRUE,TRUE,FALSE
46023,46,TRUE,TRUE,FALSE
46025,46,FALSE,FALSE,FALSE
46027,46,TRUE,TRUE,FALSE
46029,46,FALSE,FALSE,FALSE
46031,46,TRUE,TRUE,FALSE
46033,46,TRUE,TRUE,FALSE
46035,46,FALSE,FALSE,FALSE
46037,46,FALSE,FALSE,FALSE
46039,46,TRUE,TRUE,FALSE
46041,46,FALSE,FALSE,FALSE
46043,46,FALSE,FALSE,FALSE
46045,46,FALSE,FALSE,FALSE
46047,46,TRUE,TRUE,FALSE
46049,46,FALSE,FALSE,FALSE
46051,46,TRUE,TRUE,FALSE
46053,46,TRUE,TRUE,FALSE
46055,46,FALSE,FALSE,FALSE
46057,46,FALSE,FALSE,FALSE
46059,46,FALSE,FALSE,FALSE
46061,46,FALSE,FALSE,FALSE
46063,46,TRUE,TRUE,FALSE
46065,46,FALSE,FALSE,FALSE
46067,46,FALSE,FALSE,FALSE
46069,46,FALSE,FALSE,FALSE
46071,46,FALSE,FALSE,FALSE
46073,46,FALSE,FALSE,FALSE
46075,46,FALSE,FALSE,FALSE
46077,46,FALSE,FALSE,FALSE
46079,46,FALSE,FALSE,FALSE
46081,46,TRUE,TRUE,FALSE
46083,46,TRUE,TRUE,FALSE
46085,46,FALSE,FALSE,FALSE
46087,46,FALSE,FALSE,FALSE
46089,46,TRUE,TRUE,FALSE
46091,46,TRUE,TRUE,FALSE
46093,46,FALSE,FALSE,FALSE
46095,46,FALSE,FALSE,FALSE
46097,46,FALSE,FALSE,FALSE
46099,46,TRUE,TRUE,FALSE
46101,46,TRUE,TRUE,FALSE
46102,46,TRUE,TRUE,FALSE
46103,46,TRUE,TRUE,FALSE
46105,46,TRUE,TRUE,FALSE
46107,46,FALSE,FALSE,FALSE
46109,46,TRUE,TRUE,FALSE
46111,46,FALSE,FALSE,FALSE
46115,46,FALSE,FALSE,FALSE
46117,46,FALSE,FALSE,FALSE
46119,46,FALSE,FALSE,FALSE
46121,46,TRUE,TRUE,FALSE
46123,46,TRUE,TRUE,FALSE
46125,46,FALSE,FALSE,FALSE
46127,46,TRUE,TRUE,FALSE
46129,46,FALSE,FALSE,FALSE
46135,46,TRUE,TRUE,FALSE
46137,46,FALSE,FALSE,FALSE
47001,47,FALSE,FALSE,FALSE
47003,47,FALSE,FALSE,FALSE
47005,47,FALSE,FALSE,FALSE
47007,47,FALSE,FALSE,FALSE
47009,47,TRUE,TRUE,FALSE
47011,47,TRUE,TRUE,FALSE
47013,47,TRUE,TRUE,FALSE
47015,47,FALSE,FALSE,FALSE
47017,47,FALSE,FALSE,FALSE
47019,47,TRUE,TRUE,FALSE
47021,47,FALSE,FALSE,FALSE
47023,47,FALSE,FALSE,FALSE
47025,47,TRUE,TRUE,FALSE
47027,47,TRUE,TRUE,FALSE
47029,47,TRUE,TRUE,FALSE
47031,47,FALSE,FALSE,FALSE
47033,47,FALSE,FALSE,FALSE
47035,47,FALSE,FALSE,FALSE
47037,47,FALSE,FALSE,FALSE
47039,47,FALSE,FALSE,FALSE
47041,47,FALSE,FALSE,FALSE
47043,47,FALSE,FALSE,FALSE
47045,47,TRUE,TRUE,FALSE
47047,47,TRUE,TRUE,FALSE
47049,47,FALSE,FALSE,FALSE
47051,47,TRUE,TRUE,FALSE
47053,47,FALSE,FALSE,FALSE
47055,47,TRUE,TRUE,FALSE
47057,47,FALSE,FALSE,FALSE
47059,47,TRUE,TRUE,FALSE
47061,47,FALSE,FALSE,FALSE
47063,47,FALSE,FALSE,FALSE
47065,47,TRUE,TRUE,FALSE
47067,47,TRUE,TRUE,FALSE
47069,47,TRUE,TRUE,FALSE
47071,47,TRUE,TRUE,FALSE
47073,47,TRUE,TRUE,FALSE
47075,47,FALSE,FALSE,FALSE
47077,47,FALSE,FALSE,FALSE
47079,47,TRUE,TRUE,FALSE
47081,47,FALSE,FALSE,FALSE
47083,47,FALSE,FALSE,FALSE
47085,47,FALSE,FALSE,FALSE
47087,47,FALSE,FALSE,FALSE
47089,47,FALSE,FALSE,FALSE
47091,47,TRUE,TRUE,FALSE
47093,47,FALSE,FALSE,FALSE
47095,47,TRUE,TRUE,FALSE
47097,47,TRUE,TRUE,FALSE
47099,47,TRUE,TRUE,FALSE
47101,47,FALSE,FALSE,FALSE
47103,47,TRUE,TRUE,FALSE
47105,47,FALSE,FALSE,FALSE
47107,47,FALSE,FALSE,FALSE
47109,47,TRUE,TRUE,FALSE
47111,47,TRUE,TRUE,FALSE
47113,47,FALSE,FALSE,FALSE
47115,47,TRUE,TRUE,FALSE
47117,47,FALSE,FALSE,FALSE
47119,47,FALSE,FALSE,FALSE
47121,47,FALSE,FALSE,FALSE
47123,47,TRUE,TRUE,FALSE
47125,47,TRUE,TRUE,FALSE
47127,47,FALSE,FALSE,FALSE
47129,47,FALSE,FALSE,FALSE
47131,47,TRUE,TRUE,FALSE
47133,47,FALSE,FALSE,FALSE
47135,47,FALSE,FALSE,FALSE
47137,47,TRUE,TRUE,FALSE
47139,47,TRUE,TRUE,FALSE
47141,47,FALSE,FALSE,FALSE
47143,47,FALSE,FALSE,FALSE
47145,47,FALSE,FALSE,FALSE
47147,47,TRUE,TRUE,FALSE
47149,47,FALSE,FALSE,FALSE
47151,47,TRUE,TRUE,FALSE
47153,47,FALSE,FALSE,FALSE
47155,47,TRUE,TRUE,FALSE
47157,47,TRUE,TRUE,FALSE
47159,47,FALSE,FALSE,FALSE
47161,47,TRUE,TRUE,FALSE
47163,47,TRUE,TRUE,FALSE
47165,47,TRUE,TRUE,FALSE
47167,47,TRUE,TRUE,FALSE
47169,47,FALSE,FALSE,FALSE
47171,47,TRUE,TRUE,FALSE
47173,47,FALSE,FALSE,FALSE
47175,47,FALSE,FALSE,FALSE
47177,47,FALSE,FALSE,FALSE
47179,47,FALSE,FALSE,FALSE
47181,47,TRUE,TRUE,FALSE
47183,47,TRUE,TRUE,FALSE
47185,47,FALSE,FALSE,FALSE
47187,47,FALSE,FALSE,FALSE
47189,47,FALSE,FALSE,FALSE
48001,48,FALSE,FALSE,FALSE
48003,48,TRUE,TRUE,FALSE
48005,48,FALSE,FALSE,FALSE
48007,48,TRUE,TRUE,FALSE
48009,48,FALSE,FALSE,FALSE
48011,48,FALSE,FALSE,FALSE
48013,48,FALSE,FALSE,FALSE
48015,48,FALSE,FALSE,FALSE
48017,48,TRUE,TRUE,FALSE
48019,48,FALSE,FALSE,FALSE
48021,48,FALSE,FALSE,FALSE
48023,48,FALSE,FALSE,FALSE
48025,48,FALSE,FALSE,FALSE
48027,48,FALSE,FALSE,FALSE
48029,48,FALSE,FALSE,FALSE
48031,48,FALSE,FALSE,FALSE
48033,48,FALSE,FALSE,FALSE
48035,48,FALSE,FALSE,FALSE
48037,48,TRUE,TRUE,FALSE
48039,48,TRUE,TRUE,FALSE
48041,48,FALSE,FALSE,FALSE
48043,48,TRUE,TRUE,FALSE
48045,48,FALSE,FALSE,FALSE
48047,48,FALSE,FALSE,FALSE
48049,48,FALSE,FALSE,FALSE
48051,48,FALSE,FALSE,FALSE
48053,48,FALSE,FALSE,FALSE
48055,48,FALSE,FALSE,FALSE
48057,48,TRUE,TRUE,FALSE
48059,48,FALSE,FALSE,FALSE
48061,48,TRUE,TRUE,FALSE
48063,48,FALSE,FALSE,FALSE
48065,48,FALSE,FALSE,FALSE
48067,48,TRUE,TRUE,FALSE
48069,48,FALSE,FALSE,FALSE
48071,48,TRUE,TRUE,FALSE
48073,48,FALSE,FALSE,FALSE
48075,48,TRUE,TRUE,FALSE
48077,48,TRUE,TRUE,FALSE
48079,48,TRUE,TRUE,FALSE
48081,48,FALSE,FALSE,FALSE
48083,48,FALSE,FALSE,FALSE
48085,48,FALSE,FALSE,FALSE
48087,48,TRUE,TRUE,FALSE
48089,48,FALSE,FALSE,FALSE
48091,48,FALSE,FALSE,FALSE
48093,48,FALSE,FALSE,FALSE
48095,48,FALSE,FALSE,FALSE
48097,48,TRUE,TRUE,FALSE
48099,48,FALSE,FALSE,FALSE
48101,48,FALSE,FALSE,FALSE
48103,48,FALSE,FALSE,FALSE
48105,48,FALSE,FALSE,FALSE
48107,48,FALSE,FALSE,FALSE
48109,48,TRUE,TRUE,FALSE
48111,48,TRUE,TRUE,FALSE
48113,48,FALSE,FALSE,FALSE
48115,48,FALSE,FALSE,FALSE
48117,48,TRUE,TRUE,FALSE
48119,48,FALSE,FALSE,FALSE
48121,48,FALSE,FALSE,FALSE
48123,48,FALSE,FALSE,FALSE
48125,48,FALSE,FALSE,FALSE
48127,48,FALSE,FALSE,FALSE
48129,48,FALSE,FALSE,FALSE
48131,48,FALSE,FALSE,FALSE
48133,48,FALSE,FALSE,FALSE
48135,48,FALSE,FALSE,FALSE
48137,48,FALSE,FALSE,FALSE
48139,48,FALSE,FALSE,FALSE
48141,48,TRUE,TRUE,FALSE
48143,48,FALSE,FALSE,FALSE
48145,48,FALSE,FALSE,FALSE
48147,48,TRUE,TRUE,FALSE
48149,48,FALSE,FALSE,FALSE
48151,48,FALSE,FALSE,FALSE
48153,48,FALSE,FALSE,FALSE
48155,48,FALSE,FALSE,FALSE
48157,48,FALSE,FALSE,FALSE
48159,48,FALSE,FALSE,FALSE
48161,48,FALSE,FALSE,FALSE
48163,48,FALSE,FALSE,FALSE
48165,48,TRUE,TRUE,FALSE
48167,48,TRUE,TRUE,FALSE
48169,48,FALSE,FALSE,FALSE
48171,48,FALSE,FALSE,FALSE
48173,48,FALSE,FALSE,FALSE
48175,48,FALSE,FALSE,FALSE
48177,48,FALSE,FALSE,FALSE
48179,48,FALSE,FALSE,FALSE
48181,48,TRUE,TRUE,FALSE
48183,48,FALSE,FALSE,FALSE
48185,48,FALSE,FALSE,FALSE
48187,48,FALSE,FALSE,FALSE
48189,48,FALSE,FALSE,FALSE
48191,48,FALSE,FALSE,FALSE
48193,48,FALSE,FALSE,FALSE
48195,48,TRUE,TRUE,FALSE
48197,48,TRUE,TRUE,FALSE
48199,48,FALSE,FALSE,FALSE
48201,48,FALSE,TRUE,TRUE
48203,48,TRUE,TRUE,FALSE
48205,48,TRUE,TRUE,FALSE
48207,48,FALSE,FALSE,FALSE
48209,48,FALSE,FALSE,FALSE
48211,48,TRUE,TRUE,FALSE
48213,48,FALSE,FALSE,FALSE
48215,48,TRUE,TRUE,FALSE
48217,48,FALSE,FALSE,FALSE
48219,48,FALSE,FALSE,FALSE
48221,48,FALSE,FALSE,FALSE
48223,48,FALSE,FALSE,FALSE
48225,48,FALSE,FALSE,FALSE
48227,48,FALSE,FALSE,FALSE
48229,48,TRUE,TRUE,FALSE
48231,48,FALSE,FALSE,FALSE
48233,48,FALSE,FALSE,FALSE
48235,48,FALSE,FALSE,FALSE
48237,48,FALSE,FALSE,FALSE
48239,48,FALSE,FALSE,FALSE
48241,48,FALSE,FALSE,FALSE
48243,48,TRUE,TRUE,FALSE
48245,48,TRUE,TRUE,FALSE
48247,48,FALSE,FALSE,FALSE
48249,48,FALSE,FALSE,FALSE
48251,48,FALSE,FALSE,FALSE
48253,48,FALSE,FALSE,FALSE
48255,48,FALSE,FALSE,FALSE
48257,48,FALSE,FALSE,FALSE
48259,48,FALSE,FALSE,FALSE
48261,48,TRUE,TRUE,FALSE
48263,48,FALSE,FALSE,FALSE
48265,48,FALSE,FALSE,FALSE
48267,48,FALSE,FALSE,FALSE
48269,48,FALSE,FALSE,FALSE
48271,48,TRUE,TRUE,FALSE
48273,48,TRUE,TRUE,FALSE
48275,48,FALSE,FALSE,FALSE
48277,48,TRUE,TRUE,FALSE
48279,48,FALSE,FALSE,FALSE
48281,48,FALSE,FALSE,FALSE
48283,48,FALSE,FALSE,FALSE
48285,48,FALSE,FALSE,FALSE
48287,48,FALSE,FALSE,FALSE
48289,48,FALSE,FALSE,FALSE
48291,48,FALSE,FALSE,FALSE
48293,48,FALSE,FALSE,FALSE
48295,48,TRUE,TRUE,FALSE
48297,48,FALSE,FALSE,FALSE
48299,48,FALSE,FALSE,FALSE
48301,48,TRUE,TRUE,FALSE
48303,48,FALSE,FALSE,FALSE
48305,48,FALSE,FALSE,FALSE
48307,48,FALSE,FALSE,FALSE
48309,48,FALSE,FALSE,FALSE
48311,48,FALSE,FALSE,FALSE
48313,48,FALSE,FALSE,FALSE
48315,48,TRUE,TRUE,FALSE
48317,48,FALSE,FALSE,FALSE
48319,48,FALSE,FALSE,FALSE
48321,48,TRUE,TRUE,FALSE
48323,48,TRUE,TRUE,FALSE
48325,48,FALSE,FALSE,FALSE
48327,48,FALSE,FALSE,FALSE
48329,48,FALSE,FALSE,FALSE
48331,48,FALSE,FALSE,FALSE
48333,48,FALSE,FALSE,FALSE
48335,48,FALSE,FALSE,FALSE
48337,48,TRUE,TRUE,FALSE
48339,48,FALSE,FALSE,FALSE
48341,48,FALSE,FALSE,FALSE
48343,48,FALSE,FALSE,FALSE
48345,48,FALSE,FALSE,FALSE
48347,48,FALSE,FALSE,FALSE
48349,48,FALSE,FALSE,FALSE
48351,48,TRUE,TRUE,FALSE
48353,48,FALSE,FALSE,FALSE
48355,48,TRUE,TRUE,FALSE
48357,48,TRUE,TRUE,FALSE
48359,48,TRUE,TRUE,FALSE
48361,48,TRUE,TRUE,FALSE
48363,48,FALSE,FALSE,FALSE
48365,48,TRUE,TRUE,FALSE
48367,48,FALSE,FALSE,FALSE
48369,48,TRUE,TRUE,FALSE
48371,48,FALSE,FALSE,FALSE
48373,48,FALSE,FALSE,FALSE
48375,48,FALSE,FALSE,FALSE
48377,48,TRUE,TRUE,FALSE
48379,48,FALSE,FALSE,FALSE
48381,48,FALSE,FALSE,FALSE
48383,48,FALSE,FALSE,FALSE
48385,48,FALSE,FALSE,FALSE
48387,48,TRUE,TRUE,FALSE
48389,48,TRUE,TRUE,FALSE
48391,48,FALSE,TRUE,TRUE
48393,48,FALSE,FALSE,FALSE
48395,48,FALSE,FALSE,FALSE
48397,48,FALSE,FALSE,FALSE
48399,48,FALSE,FALSE,FALSE
48401,48,FALSE,FALSE,FALSE
48403,48,TRUE,TRUE,FALSE
48405,48,FALSE,FALSE,FALSE
48407,48,FALSE,FALSE,FALSE
48409,48,FALSE,TRUE,TRUE
48411,48,FALSE,FALSE,FALSE
48413,48,FALSE,FALSE,FALSE
48415,48,FALSE,FALSE,FALSE
48417,48,FALSE,FALSE,FALSE
48419,48,TRUE,TRUE,FALSE
48421,48,TRUE,TRUE,FALSE
48423,48,FALSE,FALSE,FALSE
48425,48,FALSE,FALSE,FALSE
48427,48,TRUE,TRUE,FALSE
48429,48,FALSE,FALSE,FALSE
48431,48,FALSE,FALSE,FALSE
48433,48,FALSE,FALSE,FALSE
48435,48,FALSE,FALSE,FALSE
48437,48,FALSE,FALSE,FALSE
48439,48,FALSE,FALSE,FALSE
48441,48,FALSE,FALSE,FALSE
48443,48,TRUE,TRUE,FALSE
48445,48,FALSE,FALSE,FALSE
48447,48,FALSE,FALSE,FALSE
48449,48,FALSE,FALSE,FALSE
48451,48,FALSE,FALSE,FALSE
48453,48,FALSE,FALSE,FALSE
48455,48,FALSE,FALSE,FALSE
48457,48,FALSE,FALSE,FALSE
48459,48,FALSE,FALSE,FALSE
48461,48,FALSE,FALSE,FALSE
48463,48,FALSE,FALSE,FALSE
48465,48,TRUE,TRUE,FALSE
48467,48,FALSE,FALSE,FALSE
48469,48,FALSE,FALSE,FALSE
48471,48,FALSE,FALSE,FALSE
48473,48,FALSE,FALSE,FALSE
48475,48,FALSE,FALSE,FALSE
48477,48,FALSE,FALSE,FALSE
48479,48,TRUE,TRUE,FALSE
48481,48,FALSE,FALSE,FALSE
48483,48,TRUE,TRUE,FALSE
48485,48,TRUE,TRUE,FALSE
48487,48,TRUE,TRUE,FALSE
48489,48,TRUE,TRUE,FALSE
48491,48,FALSE,FALSE,FALSE
48493,48,FALSE,FALSE,FALSE
48495,48,TRUE,TRUE,FALSE
48497,48,FALSE,FALSE,FALSE
48499,48,FALSE,FALSE,FALSE
48501,48,TRUE,TRUE,FALSE
48503,48,FALSE,FALSE,FALSE
48505,48,TRUE,TRUE,FALSE
48507,48,FALSE,FALSE,FALSE
49001,49,TRUE,TRUE,FALSE
49003,49,TRUE,TRUE,FALSE
49005,49,TRUE,TRUE,FALSE
49007,49,FALSE,FALSE,FALSE
49009,49,TRUE,TRUE,FALSE
49011,49,FALSE,FALSE,FALSE
49013,49,FALSE,FALSE,FALSE
49015,49,FALSE,FALSE,FALSE
49017,49,FALSE,FALSE,FALSE
49019,49,TRUE,TRUE,FALSE
49021,49,TRUE,TRUE,FALSE
49023,49,TRUE,TRUE,FALSE
49025,49,TRUE,TRUE,FALSE
49027,49,TRUE,TRUE,FALSE
49029,49,FALSE,FALSE,FALSE
49031,49,FALSE,FALSE,FALSE
49033,49,TRUE,TRUE,FALSE
49035,49,FALSE,FALSE,FALSE
49037,49,TRUE,TRUE,FALSE
49039,49,FALSE,FALSE,FALSE
49041,49,FALSE,FALSE,FALSE
49043,49,TRUE,TRUE,FALSE
49045,49,TRUE,TRUE,FALSE
49047,49,TRUE,TRUE,FALSE
49049,49,FALSE,FALSE,FALSE
49051,49,FALSE,FALSE,FALSE
49053,49,TRUE,TRUE,FALSE
49055,49,FALSE,FALSE,FALSE
49057,49,FALSE,FALSE,FALSE
50001,50,TRUE,TRUE,FALSE
50003,50,TRUE,TRUE,FALSE
50005,50,TRUE,TRUE,FALSE
50007,50,TRUE,TRUE,FALSE
50009,50,TRUE,TRUE,FALSE
50011,50,TRUE,TRUE,FALSE
50013,50,TRUE,TRUE,FALSE
50015,50,FALSE,FALSE,FALSE
50017,50,TRUE,TRUE,FALSE
50019,50,TRUE,TRUE,FALSE
50021,50,TRUE,TRUE,FALSE
50023,50,FALSE,FALSE,FALSE
50025,50,TRUE,TRUE,FALSE
50027,50,TRUE,TRUE,FALSE
51001,51,TRUE,TRUE,FALSE
51003,51,FALSE,FALSE,FALSE
51005,51,TRUE,TRUE,FALSE
51007,51,FALSE,FALSE,FALSE
51009,51,FALSE,FALSE,FALSE
51011,51,FALSE,FALSE,FALSE
51013,51,TRUE,TRUE,FALSE
51015,51,TRUE,TRUE,FALSE
51017,51,TRUE,TRUE,FALSE
51019,51,FALSE,FALSE,FALSE
51021,51,TRUE,TRUE,FALSE
51023,51,FALSE,FALSE,FALSE
51025,51,TRUE,TRUE,FALSE
51027,51,TRUE,TRUE,FALSE
51029,51,FALSE,FALSE,FALSE
51031,51,FALSE,FALSE,FALSE
51033,51,FALSE,FALSE,FALSE
51035,51,TRUE,TRUE,FALSE
51036,51,FALSE,TRUE,TRUE
51037,51,FALSE,FALSE,FALSE
51041,51,FALSE,FALSE,FALSE
51043,51,TRUE,TRUE,FALSE
51045,51,TRUE,TRUE,FALSE
51047,51,FALSE,FALSE,FALSE
51049,51,FALSE,FALSE,FALSE
51051,51,TRUE,TRUE,FALSE
51053,51,FALSE,FALSE,FALSE
51057,51,FALSE,TRUE,TRUE
51059,51,TRUE,TRUE,FALSE
51061,51,FALSE,FALSE,FALSE
51063,51,FALSE,FALSE,FALSE
51065,51,FALSE,FALSE,FALSE
51067,51,FALSE,FALSE,FALSE
51069,51,TRUE,TRUE,FALSE
51071,51,TRUE,TRUE,FALSE
51073,51,FALSE,TRUE,TRUE
51075,51,FALSE,FALSE,FALSE
51077,51,TRUE,TRUE,FALSE
51079,51,FALSE,FALSE,FALSE
51081,51,TRUE,TRUE,FALSE
51083,51,TRUE,TRUE,FALSE
51085,51,FALSE,FALSE,FALSE
51087,51,FALSE,FALSE,FALSE
51089,51,TRUE,TRUE,FALSE
51091,51,TRUE,TRUE,FALSE
51093,51,FALSE,TRUE,TRUE
51095,51,FALSE,TRUE,TRUE
51097,51,FALSE,FALSE,FALSE
51099,51,TRUE,TRUE,FALSE
51101,51,FALSE,FALSE,FALSE
51103,51,FALSE,TRUE,TRUE
51105,51,TRUE,TRUE,FALSE
51107,51,TRUE,TRUE,FALSE
51109,51,FALSE,FALSE,FALSE
51111,51,FALSE,FALSE,FALSE
51113,51,FALSE,FALSE,FALSE
51115,51,FALSE,TRUE,TRUE
51117,51,TRUE,TRUE,FALSE
51119,51,FALSE,TRUE,TRUE
51121,51,FALSE,FALSE,FALSE
51125,51,FALSE,FALSE,FALSE
51127,51,FALSE,FALSE,FALSE
51131,51,TRUE,TRUE,FALSE
51133,51,TRUE,TRUE,FALSE
51135,51,FALSE,FALSE,FALSE
51137,51,FALSE,FALSE,FALSE
51139,51,FALSE,FALSE,FALSE
51141,51,TRUE,TRUE,FALSE
51143,51,TRUE,TRUE,FALSE
51145,51,FALSE,FALSE,FALSE
51147,51,FALSE,FALSE,FALSE
51149,51,FALSE,FALSE,FALSE
51153,51,TRUE,TRUE,FALSE
51155,51,FALSE,FALSE,FALSE
51157,51,FALSE,FALSE,FALSE
51159,51,FALSE,TRUE,TRUE
51161,51,FALSE,FALSE,FALSE
51163,51,FALSE,FALSE,FALSE
51165,51,TRUE,TRUE,FALSE
51167,51,FALSE,FALSE,FALSE
51169,51,TRUE,TRUE,FALSE
51171,51,TRUE,TRUE,FALSE
51173,51,FALSE,FALSE,FALSE
51175,51,TRUE,TRUE,FALSE
51177,51,FALSE,FALSE,FALSE
51179,51,TRUE,TRUE,FALSE
51181,51,FALSE,TRUE,TRUE
51183,51,FALSE,FALSE,FALSE
51185,51,TRUE,TRUE,FALSE
51187,51,FALSE,FALSE,FALSE
51191,51,TRUE,TRUE,FALSE
51193,51,TRUE,TRUE,FALSE
51195,51,TRUE,TRUE,FALSE
51197,51,FALSE,FALSE,FALSE
51199,51,FALSE,TRUE,TRUE
51510,51,TRUE,TRUE,FALSE
51520,51,TRUE,TRUE,FALSE
51530,51,FALSE,FALSE,FALSE
51540,51,FALSE,FALSE,FALSE
51550,51,TRUE,TRUE,FALSE
51570,51,FALSE,FALSE,FALSE
51580,51,FALSE,FALSE,FALSE
51590,51,TRUE,TRUE,FALSE
51595,51,FALSE,FALSE,FALSE
51600,51,FALSE,FALSE,FALSE
51610,51,FALSE,FALSE,FALSE
51620,51,FALSE,FALSE,FALSE
51630,51,FALSE,FALSE,FALSE
51640,51,FALSE,FALSE,FALSE
51650,51,FALSE,TRUE,TRUE
51660,51,FALSE,FALSE,FALSE
51670,51,FALSE,FALSE,FALSE
51678,51,FALSE,FALSE,FALSE
51680,51,FALSE,FALSE,FALSE
51683,51,FALSE,FALSE,FALSE
51685,51,FALSE,FALSE,FALSE
51690,51,FALSE,FALSE,FALSE
51700,51,FALSE,TRUE,TRUE
51710,51,FALSE,TRUE,TRUE
51720,51,FALSE,FALSE,FALSE
51730,51,FALSE,FALSE,FALSE
51735,51,FALSE,TRUE,TRUE
51740,51,FALSE,TRUE,TRUE
51750,51,FALSE,FALSE,FALSE
51760,51,FALSE,FALSE,FALSE
51770,51,FALSE,FALSE,FALSE
51775,51,FALSE,FALSE,FALSE
51790,51,FALSE,FALSE,FALSE
51800,51,TRUE,TRUE,FALSE
51810,51,TRUE,TRUE,FALSE
51820,51,FALSE,FALSE,FALSE
51830,51,FALSE,FALSE,FALSE
51840,51,FALSE,FALSE,FALSE
53001,53,FALSE,FALSE,FALSE
53003,53,TRUE,TRUE,FALSE
53005,53,TRUE,TRUE,FALSE
53007,53,FALSE,FALSE,FALSE
53009,53,TRUE,TRUE,FALSE
53011,53,TRUE,TRUE,FALSE
53013,53,TRUE,TRUE,FALSE
53015,53,TRUE,TRUE,FALSE
53017,53,FALSE,FALSE,FALSE
53019,53,TRUE,TRUE,FALSE
53021,53,FALSE,FALSE,FALSE
53023,53,TRUE,TRUE,FALSE
53025,53,FALSE,FALSE,FALSE
53027,53,TRUE,TRUE,FALSE
53029,53,FALSE,TRUE,TRUE
53031,53,TRUE,TRUE,FALSE
53033,53,FALSE,TRUE,TRUE
53035,53,FALSE,TRUE,TRUE
53037,53,FALSE,FALSE,FALSE
53039,53,TRUE,TRUE,FALSE
53041,53,FALSE,FALSE,FALSE
53043,53,FALSE,FALSE,FALSE
53045,53,FALSE,TRUE,TRUE
53047,53,TRUE,TRUE,FALSE
53049,53,TRUE,TRUE,FALSE
53051,53,TRUE,TRUE,FALSE
53053,53,FALSE,TRUE,TRUE
53055,53,TRUE,TRUE,FALSE
53057,53,FALSE,TRUE,TRUE
53059,53,TRUE,TRUE,FALSE
53061,53,FALSE,TRUE,TRUE
53063,53,TRUE,TRUE,FALSE
53065,53,TRUE,TRUE,FALSE
53067,53,FALSE,TRUE,TRUE
53069,53,TRUE,TRUE,FALSE
53071,53,TRUE,TRUE,FALSE
53073,53,TRUE,TRUE,FALSE
53075,53,TRUE,TRUE,FALSE
53077,53,FALSE,FALSE,FALSE
54001,54,FALSE,FALSE,FALSE
54003,54,TRUE,TRUE,FALSE
54005,54,FALSE,FALSE,FALSE
54007,54,FALSE,FALSE,FALSE
54009,54,TRUE,TRUE,FALSE
54011,54,TRUE,TRUE,FALSE
54013,54,FALSE,FALSE,FALSE
54015,54,FALSE,FALSE,FALSE
54017,54,FALSE,FALSE,FALSE
54019,54,FALSE,FALSE,FALSE
54021,54,FALSE,FALSE,FALSE
54023,54,TRUE,TRUE,FALSE
54025,54,TRUE,TRUE,FALSE
54027,54,TRUE,TRUE,FALSE
54029,54,TRUE,TRUE,FALSE
54031,54,TRUE,TRUE,FALSE
54033,54,FALSE,FALSE,FALSE
54035,54,TRUE,TRUE,FALSE
54037,54,TRUE,TRUE,FALSE
54039,54,FALSE,FALSE,FALSE
54041,54,FALSE,FALSE,FALSE
54043,54,FALSE,FALSE,FALSE
54045,54,FALSE,FALSE,FALSE
54047,54,TRUE,TRUE,FALSE
54049,54,FALSE,FALSE,FALSE
54051,54,TRUE,TRUE,FALSE
54053,54,TRUE,TRUE,FALSE
54055,54,TRUE,TRUE,FALSE
54057,54,TRUE,TRUE,FALSE
54059,54,TRUE,TRUE,FALSE
54061,54,TRUE,TRUE,FALSE
54063,54,TRUE,TRUE,FALSE
54065,54,TRUE,TRUE,FALSE
54067,54,FALSE,FALSE,FALSE
54069,54,TRUE,TRUE,FALSE
54071,54,TRUE,TRUE,FALSE
54073,54,TRUE,TRUE,FALSE
54075,54,TRUE,TRUE,FALSE
54077,54,TRUE,TRUE,FALSE
54079,54,FALSE,FALSE,FALSE
54081,54,FALSE,FALSE,FALSE
54083,54,FALSE,FALSE,FALSE
54085,54,FALSE,FALSE,FALSE
54087,54,FALSE,FALSE,FALSE
54089,54,TRUE,TRUE,FALSE
54091,54,FALSE,FALSE,FALSE
54093,54,FALSE,FALSE,FALSE
54095,54,TRUE,TRUE,FALSE
54097,54,FALSE,FALSE,FALSE
54099,54,TRUE,TRUE,FALSE
54101,54,FALSE,FALSE,FALSE
54103,54,TRUE,TRUE,FALSE
54105,54,FALSE,FALSE,FALSE
54107,54,TRUE,TRUE,FALSE
54109,54,FALSE,FALSE,FALSE
55001,55,FALSE,FALSE,FALSE
55003,55,TRUE,TRUE,FALSE
55005,55,FALSE,FALSE,FALSE
55007,55,TRUE,TRUE,FALSE
55009,55,FALSE,TRUE,TRUE
55011,55,TRUE,TRUE,FALSE
55013,55,TRUE,TRUE,FALSE
55015,55,FALSE,FALSE,FALSE
55017,55,FALSE,FALSE,FALSE
55019,55,FALSE,FALSE,FALSE
55021,55,FALSE,FALSE,FALSE
55023,55,TRUE,TRUE,FALSE
55025,55,FALSE,FALSE,FALSE
55027,55,FALSE,FALSE,FALSE
55029,55,TRUE,TRUE,FALSE
55031,55,TRUE,TRUE,FALSE
55033,55,FALSE,FALSE,FALSE
55035,55,FALSE,FALSE,FALSE
55037,55,TRUE,TRUE,FALSE
55039,55,FALSE,FALSE,FALSE
55041,55,TRUE,TRUE,FALSE
55043,55,TRUE,TRUE,FALSE
55045,55,TRUE,TRUE,FALSE
55047,55,FALSE,FALSE,FALSE
55049,55,FALSE,FALSE,FALSE
55051,55,TRUE,TRUE,FALSE
55053,55,FALSE,FALSE,FALSE
55055,55,FALSE,FALSE,FALSE
55057,55,FALSE,FALSE,FALSE
55059,55,TRUE,TRUE,FALSE
55061,55,TRUE,TRUE,FALSE
55063,55,TRUE,TRUE,FALSE
55065,55,TRUE,TRUE,FALSE
55067,55,FALSE,FALSE,FALSE
55069,55,FALSE,FALSE,FALSE
55071,55,TRUE,TRUE,FALSE
55073,55,FALSE,FALSE,FALSE
55075,55,TRUE,TRUE,FALSE
55077,55,FALSE,FALSE,FALSE
55078,55,FALSE,FALSE,FALSE
55079,55,TRUE,TRUE,FALSE
55081,55,FALSE,FALSE,FALSE
55083,55,FALSE,TRUE,TRUE
55085,55,FALSE,FALSE,FALSE
55087,55,FALSE,FALSE,FALSE
55089,55,TRUE,TRUE,FALSE
55091,55,TRUE,TRUE,FALSE
55093,55,TRUE,TRUE,FALSE
55095,55,TRUE,TRUE,FALSE
55097,55,FALSE,FALSE,FALSE
55099,55,FALSE,FALSE,FALSE
55101,55,TRUE,TRUE,FALSE
55103,55,FALSE,FALSE,FALSE
55105,55,TRUE,TRUE,FALSE
55107,55,FALSE,FALSE,FALSE
55109,55,TRUE,TRUE,FALSE
55111,55,FALSE,FALSE,FALSE
55113,55,FALSE,FALSE,FALSE
55115,55,FALSE,FALSE,FALSE
55117,55,TRUE,TRUE,FALSE
55119,55,FALSE,FALSE,FALSE
55121,55,TRUE,TRUE,FALSE
55123,55,TRUE,TRUE,FALSE
55125,55,TRUE,TRUE,FALSE
55127,55,TRUE,TRUE,FALSE
55129,55,FALSE,FALSE,FALSE
55131,55,FALSE,FALSE,FALSE
55133,55,FALSE,FALSE,FALSE
55135,55,FALSE,FALSE,FALSE
55137,55,FALSE,FALSE,FALSE
55139,55,FALSE,FALSE,FALSE
55141,55,FALSE,FALSE,FALSE
56001,56,TRUE,TRUE,FALSE
56003,56,TRUE,TRUE,FALSE
56005,56,TRUE,TRUE,FALSE
56007,56,TRUE,TRUE,FALSE
56009,56,FALSE,FALSE,FALSE
56011,56,TRUE,TRUE,FALSE
56013,56,FALSE,FALSE,FALSE
56015,56,TRUE,TRUE,FALSE
56017,56,FALSE,FALSE,FALSE
56019,56,FALSE,FALSE,FALSE
56021,56,TRUE,TRUE,FALSE
56023,56,TRUE,TRUE,FALSE
56025,56,FALSE,FALSE,FALSE
56027,56,TRUE,TRUE,FALSE
56029,56,TRUE,TRUE,FALSE
56031,56,FALSE,FALSE,FALSE
56033,56,TRUE,TRUE,FALSE
56035,56,FALSE,FALSE,FALSE
56037,56,TRUE,TRUE,FALSE
56039,56,TRUE,TRUE,FALSE
56041,56,TRUE,TRUE,FALSE
56043,56,FALSE,FALSE,FALSE
56045,56,TRUE,TRUE,FALSE
